date,value,log_return,pct_change
2008-01-04,41.8,,
2008-01-11,41.8,0.0,0.0
2008-01-18,41.8,0.0,0.0
2008-01-25,41.8,0.0,0.0
2008-02-01,41.9,0.00238948739738154,0.23923444976077235
2008-02-08,41.9,0.0,0.0
2008-02-15,41.9,0.0,0.0
2008-02-22,41.9,0.0,0.0
2008-02-29,41.9,0.0,0.0
2008-03-07,42.5,0.014218249002279304,1.4319809069212486
2008-03-14,42.5,0.0,0.0
2008-03-21,42.5,0.0,0.0
2008-03-28,42.5,0.0,0.0
2008-04-04,42.8,0.007034026657379844,0.7058823529411784
2008-04-11,42.8,0.0,0.0
2008-04-18,42.8,0.0,0.0
2008-04-25,42.8,0.0,0.0
2008-05-02,43.1,0.006984894521950835,0.7009345794392718
2008-05-09,43.1,0.0,0.0
2008-05-16,43.1,0.0,0.0
2008-05-23,43.1,0.0,0.0
2008-05-30,43.1,0.0,0.0
2008-06-06,43.7,0.01382510499184253,1.39211136890951
2008-06-13,43.7,0.0,0.0
2008-06-20,43.7,0.0,0.0
2008-06-27,43.7,0.0,0.0
2008-07-04,44.4,0.015891367336634765,1.6018306636155444
2008-07-11,44.4,0.0,0.0
2008-07-18,44.4,0.0,0.0
2008-07-25,44.4,0.0,0.0
2008-08-01,44.7,0.006734032181344052,0.6756756756756799
2008-08-08,44.7,0.0,0.0
2008-08-15,44.7,0.0,0.0
2008-08-22,44.7,0.0,0.0
2008-08-29,44.7,0.0,0.0
2008-09-05,44.9,0.004464293128685348,0.4474272930648615
2008-09-12,44.9,0.0,0.0
2008-09-19,44.9,0.0,0.0
2008-09-26,44.9,0.0,0.0
2008-10-03,45.1,0.004444451760424073,0.44543429844099425
2008-10-10,45.1,0.0,0.0
2008-10-17,45.1,0.0,0.0
2008-10-24,45.1,0.0,0.0
2008-10-31,45.1,0.0,0.0
2008-11-07,45.1,0.0,0.0
2008-11-14,45.1,0.0,0.0
2008-11-21,45.1,0.0,0.0
2008-11-28,45.1,0.0,0.0
2008-12-05,45.0,-0.0022197567383130945,-0.22172949002217113
2008-12-12,45.0,0.0,0.0
2008-12-19,45.0,0.0,0.0
2008-12-26,45.0,0.0,0.0
2009-01-02,45.3,0.006644542718668767,0.6666666666666599
2009-01-09,45.3,0.0,0.0
2009-01-16,45.3,0.0,0.0
2009-01-23,45.3,0.0,0.0
2009-01-30,45.3,0.0,0.0
2009-02-06,45.7,0.008791265411170812,0.8830022075055233
2009-02-13,45.7,0.0,0.0
2009-02-20,45.7,0.0,0.0
2009-02-27,45.7,0.0,0.0
2009-03-06,46.4,0.015201161332050184,1.5317286652078765
2009-03-13,46.4,0.0,0.0
2009-03-20,46.4,0.0,0.0
2009-03-27,46.4,0.0,0.0
2009-04-03,46.6,0.004301081899390713,0.4310344827586299
2009-04-10,46.6,0.0,0.0
2009-04-17,46.6,0.0,0.0
2009-04-24,46.6,0.0,0.0
2009-05-01,46.7,0.0021436235432514827,0.21459227467810482
2009-05-08,46.7,0.0,0.0
2009-05-15,46.7,0.0,0.0
2009-05-22,46.7,0.0,0.0
2009-05-29,46.7,0.0,0.0
2009-06-05,46.9,0.004273510777382139,0.4282655246252487
2009-06-12,46.9,0.0,0.0
2009-06-19,46.9,0.0,0.0
2009-06-26,46.9,0.0,0.0
2009-07-03,47.3,0.008492620045653432,0.8528784648187626
2009-07-10,47.3,0.0,0.0
2009-07-17,47.3,0.0,0.0
2009-07-24,47.3,0.0,0.0
2009-07-31,47.3,0.0,0.0
2009-08-07,47.5,0.004219415542708216,0.42283298097252064
2009-08-14,47.5,0.0,0.0
2009-08-21,47.5,0.0,0.0
2009-08-28,47.5,0.0,0.0
2009-09-04,47.6,0.0021030501967791437,0.21052631578948322
2009-09-11,47.6,0.0,0.0
2009-09-18,47.6,0.0,0.0
2009-09-25,47.6,0.0,0.0
2009-10-02,47.6,0.0,0.0
2009-10-09,47.6,0.0,0.0
2009-10-16,47.6,0.0,0.0
2009-10-23,47.6,0.0,0.0
2009-10-30,47.6,0.0,0.0
2009-11-06,47.6,0.0,0.0
2009-11-13,47.6,0.0,0.0
2009-11-20,47.6,0.0,0.0
2009-11-27,47.6,0.0,0.0
2009-12-04,47.8,0.00419287826003556,0.42016806722688926
2009-12-11,47.8,0.0,0.0
2009-12-18,47.8,0.0,0.0
2009-12-25,47.8,0.0,0.0
2010-01-01,47.9,0.0020898649194593943,0.20920502092049986
2010-01-08,47.9,0.0,0.0
2010-01-15,47.9,0.0,0.0
2010-01-22,47.9,0.0,0.0
2010-01-29,47.9,0.0,0.0
2010-02-05,48.2,0.006243516639685254,0.6263048016701633
2010-02-12,48.2,0.0,0.0
2010-02-19,48.2,0.0,0.0
2010-02-26,48.2,0.0,0.0
2010-03-05,48.6,0.008264509849893464,0.8298755186721962
2010-03-12,48.6,0.0,0.0
2010-03-19,48.6,0.0,0.0
2010-03-26,48.6,0.0,0.0
2010-04-02,48.6,0.0,0.0
2010-04-09,48.6,0.0,0.0
2010-04-16,48.6,0.0,0.0
2010-04-23,48.6,0.0,0.0
2010-04-30,48.6,0.0,0.0
2010-05-07,48.7,0.002055499182096021,0.2057613168724215
2010-05-14,48.7,0.0,0.0
2010-05-21,48.7,0.0,0.0
2010-05-28,48.7,0.0,0.0
2010-06-04,48.7,0.0,0.0
2010-06-11,48.7,0.0,0.0
2010-06-18,48.7,0.0,0.0
2010-06-25,48.7,0.0,0.0
2010-07-02,49.1,0.0081800047119307,0.8213552361396204
2010-07-09,49.1,0.0,0.0
2010-07-16,49.1,0.0,0.0
2010-07-23,49.1,0.0,0.0
2010-07-30,49.1,0.0,0.0
2010-08-06,49.1,0.0,0.0
2010-08-13,49.1,0.0,0.0
2010-08-20,49.1,0.0,0.0
2010-08-27,49.1,0.0,0.0
2010-09-03,49.1,0.0,0.0
2010-09-10,49.1,0.0,0.0
2010-09-17,49.1,0.0,0.0
2010-09-24,49.1,0.0,0.0
2010-10-01,49.2,0.0020345886977874983,0.20366598778003286
2010-10-08,49.2,0.0,0.0
2010-10-15,49.2,0.0,0.0
2010-10-22,49.2,0.0,0.0
2010-10-29,49.2,0.0,0.0
2010-11-05,49.3,0.0020304575503820033,0.20325203252031798
2010-11-12,49.3,0.0,0.0
2010-11-19,49.3,0.0,0.0
2010-11-26,49.3,0.0,0.0
2010-12-03,49.4,0.0020263431452325342,0.20283975659229903
2010-12-10,49.4,0.0,0.0
2010-12-17,49.4,0.0,0.0
2010-12-24,49.4,0.0,0.0
2010-12-31,49.4,0.0,0.0
2011-01-07,49.7,0.006054508908706069,0.6072874493927127
2011-01-14,49.7,0.0,0.0
2011-01-21,49.7,0.0,0.0
2011-01-28,49.7,0.0,0.0
2011-02-04,49.9,0.0040160696548898756,0.4024144869215096
2011-02-11,49.9,0.0,0.0
2011-02-18,49.9,0.0,0.0
2011-02-25,49.9,0.0,0.0
2011-03-04,50.5,0.011952333523841396,1.2024048096192397
2011-03-11,50.5,0.0,0.0
2011-03-18,50.5,0.0,0.0
2011-03-25,50.5,0.0,0.0
2011-04-01,50.7,0.0039525743158232984,0.3960396039603964
2011-04-08,50.7,0.0,0.0
2011-04-15,50.7,0.0,0.0
2011-04-22,50.7,0.0,0.0
2011-04-29,50.7,0.0,0.0
2011-05-06,50.9,0.003937012959339459,0.39447731755424265
2011-05-13,50.9,0.0,0.0
2011-05-20,50.9,0.0,0.0
2011-05-27,50.9,0.0,0.0
2011-06-03,51.2,0.005876608488985191,0.5893909626719207
2011-06-10,51.2,0.0,0.0
2011-06-17,51.2,0.0,0.0
2011-06-24,51.2,0.0,0.0
2011-07-01,51.6,0.007782140442055052,0.78125
2011-07-08,51.6,0.0,0.0
2011-07-15,51.6,0.0,0.0
2011-07-22,51.6,0.0,0.0
2011-07-29,51.6,0.0,0.0
2011-08-05,51.6,0.0,0.0
2011-08-12,51.6,0.0,0.0
2011-08-19,51.6,0.0,0.0
2011-08-26,51.6,0.0,0.0
2011-09-02,52.0,0.007722046093910251,0.7751937984496138
2011-09-09,52.0,0.0,0.0
2011-09-16,52.0,0.0,0.0
2011-09-23,52.0,0.0,0.0
2011-09-30,52.0,0.0,0.0
2011-10-07,52.3,0.005752652489449783,0.5769230769230749
2011-10-14,52.3,0.0,0.0
2011-10-21,52.3,0.0,0.0
2011-10-28,52.3,0.0,0.0
2011-11-04,52.3,0.0,0.0
2011-11-11,52.3,0.0,0.0
2011-11-18,52.3,0.0,0.0
2011-11-25,52.3,0.0,0.0
2011-12-02,52.5,0.0038167985267008042,0.3824091778202643
2011-12-09,52.5,0.0,0.0
2011-12-16,52.5,0.0,0.0
2011-12-23,52.5,0.0,0.0
2011-12-30,52.5,0.0,0.0
2012-01-06,52.7,0.0038022859497384154,0.3809523809523929
2012-01-13,52.7,0.0,0.0
2012-01-20,52.7,0.0,0.0
2012-01-27,52.7,0.0,0.0
2012-02-03,53.0,0.005676458004805429,0.5692599620493288
2012-02-10,53.0,0.0,0.0
2012-02-17,53.0,0.0,0.0
2012-02-24,53.0,0.0,0.0
2012-03-02,53.6,0.011257154524634494,1.132075471698113
2012-03-09,53.6,0.0,0.0
2012-03-16,53.6,0.0,0.0
2012-03-23,53.6,0.0,0.0
2012-03-30,53.6,0.0,0.0
2012-04-06,53.9,0.005581409838194773,0.5597014925373012
2012-04-13,53.9,0.0,0.0
2012-04-20,53.9,0.0,0.0
2012-04-27,53.9,0.0,0.0
2012-05-04,53.9,0.0,0.0
2012-05-11,53.9,0.0,0.0
2012-05-18,53.9,0.0,0.0
2012-05-25,53.9,0.0,0.0
2012-06-01,54.1,0.003703707937484424,0.37105751391466324
2012-06-08,54.1,0.0,0.0
2012-06-15,54.1,0.0,0.0
2012-06-22,54.1,0.0,0.0
2012-06-29,54.1,0.0,0.0
2012-07-06,54.1,0.0,0.0
2012-07-13,54.1,0.0,0.0
2012-07-20,54.1,0.0,0.0
2012-07-27,54.1,0.0,0.0
2012-08-03,54.4,0.00552996800946115,0.5545286506469349
2012-08-10,54.4,0.0,0.0
2012-08-17,54.4,0.0,0.0
2012-08-24,54.4,0.0,0.0
2012-08-31,54.4,0.0,0.0
2012-09-07,54.8,0.0073260400920731605,0.7352941176470562
2012-09-14,54.8,0.0,0.0
2012-09-21,54.8,0.0,0.0
2012-09-28,54.8,0.0,0.0
2012-10-05,55.2,0.007272759329080003,0.7299270072992803
2012-10-12,55.2,0.0,0.0
2012-10-19,55.2,0.0,0.0
2012-10-26,55.2,0.0,0.0
2012-11-02,55.3,0.001809955245239081,0.18115942028984477
2012-11-09,55.3,0.0,0.0
2012-11-16,55.3,0.0,0.0
2012-11-23,55.3,0.0,0.0
2012-11-30,55.3,0.0,0.0
2012-12-07,55.5,0.00361011222409946,0.3616636528029016
2012-12-14,55.5,0.0,0.0
2012-12-21,55.5,0.0,0.0
2012-12-28,55.5,0.0,0.0
2013-01-04,55.7,0.003597126180849841,0.3603603603603567
2013-01-11,55.7,0.0,0.0
2013-01-18,55.7,0.0,0.0
2013-01-25,55.7,0.0,0.0
2013-02-01,56.2,0.008936609966407438,0.8976660682226134
2013-02-08,56.2,0.0,0.0
2013-02-15,56.2,0.0,0.0
2013-02-22,56.2,0.0,0.0
2013-03-01,56.9,0.012378584232639156,1.245551601423478
2013-03-08,56.9,0.0,0.0
2013-03-15,56.9,0.0,0.0
2013-03-22,56.9,0.0,0.0
2013-03-29,56.9,0.0,0.0
2013-04-05,57.0,0.0017559267022653202,0.17574692442883233
2013-04-12,57.0,0.0,0.0
2013-04-19,57.0,0.0,0.0
2013-04-26,57.0,0.0,0.0
2013-05-03,56.9,-0.0017559267022653202,-0.17543859649122862
2013-05-10,56.9,0.0,0.0
2013-05-17,56.9,0.0,0.0
2013-05-24,56.9,0.0,0.0
2013-05-31,56.9,0.0,0.0
2013-06-07,57.0,0.0017559267022653202,0.17574692442883233
2013-06-14,57.0,0.0,0.0
2013-06-21,57.0,0.0,0.0
2013-06-28,57.0,0.0,0.0
2013-07-05,57.6,0.010471299867295336,1.0526315789473717
2013-07-12,57.6,0.0,0.0
2013-07-19,57.6,0.0,0.0
2013-07-26,57.6,0.0,0.0
2013-08-02,57.8,0.003466207976486224,0.3472222222222099
2013-08-09,57.8,0.0,0.0
2013-08-16,57.8,0.0,0.0
2013-08-23,57.8,0.0,0.0
2013-08-30,57.8,0.0,0.0
2013-09-06,58.1,0.005176888179533989,0.519031141868509
2013-09-13,58.1,0.0,0.0
2013-09-20,58.1,0.0,0.0
2013-09-27,58.1,0.0,0.0
2013-10-04,58.2,0.0017196908795265031,0.1721170395869276
2013-10-11,58.2,0.0,0.0
2013-10-18,58.2,0.0,0.0
2013-10-25,58.2,0.0,0.0
2013-11-01,58.3,0.0017167386190539702,0.1718213058419238
2013-11-08,58.3,0.0,0.0
2013-11-15,58.3,0.0,0.0
2013-11-22,58.3,0.0,0.0
2013-11-29,58.3,0.0,0.0
2013-12-06,58.4,0.0017137964777349524,0.17152658662091813
2013-12-13,58.4,0.0,0.0
2013-12-20,58.4,0.0,0.0
2013-12-27,58.4,0.0,0.0
2014-01-03,58.8,0.0068259650703996755,0.6849315068493178
2014-01-10,58.8,0.0,0.0
2014-01-17,58.8,0.0,0.0
2014-01-24,58.8,0.0,0.0
2014-01-31,58.8,0.0,0.0
2014-02-07,59.5,0.011834457647003305,1.1904761904761862
2014-02-14,59.5,0.0,0.0
2014-02-21,59.5,0.0,0.0
2014-02-28,59.5,0.0,0.0
2014-03-07,60.2,0.011696039763191557,1.17647058823529
2014-03-14,60.2,0.0,0.0
2014-03-21,60.2,0.0,0.0
2014-03-28,60.2,0.0,0.0
2014-04-04,60.6,0.006622540760493401,0.6644518272425293
2014-04-11,60.6,0.0,0.0
2014-04-18,60.6,0.0,0.0
2014-04-25,60.6,0.0,0.0
2014-05-02,60.7,0.0016488049901832724,0.16501650165017256
2014-05-09,60.7,0.0,0.0
2014-05-16,60.7,0.0,0.0
2014-05-23,60.7,0.0,0.0
2014-05-30,60.7,0.0,0.0
2014-06-06,60.9,0.0032894766503988038,0.32948929159801743
2014-06-13,60.9,0.0,0.0
2014-06-20,60.9,0.0,0.0
2014-06-27,60.9,0.0,0.0
2014-07-04,61.4,0.008176660437245076,0.8210180623973828
2014-07-11,61.4,0.0,0.0
2014-07-18,61.4,0.0,0.0
2014-07-25,61.4,0.0,0.0
2014-08-01,61.6,0.0032520353863780826,0.32573289902280145
2014-08-08,61.6,0.0,0.0
2014-08-15,61.6,0.0,0.0
2014-08-22,61.6,0.0,0.0
2014-08-29,61.6,0.0,0.0
2014-09-05,61.6,0.0,0.0
2014-09-12,61.6,0.0,0.0
2014-09-19,61.6,0.0,0.0
2014-09-26,61.6,0.0,0.0
2014-10-03,61.7,0.0016220603718677395,0.16233766233766378
2014-10-10,61.7,0.0,0.0
2014-10-17,61.7,0.0,0.0
2014-10-24,61.7,0.0,0.0
2014-10-31,61.7,0.0,0.0
2014-11-07,61.7,0.0,0.0
2014-11-14,61.7,0.0,0.0
2014-11-21,61.7,0.0,0.0
2014-11-28,61.7,0.0,0.0
2014-12-05,61.6,-0.0016220603718677395,-0.16207455429497752
2014-12-12,61.6,0.0,0.0
2014-12-19,61.6,0.0,0.0
2014-12-26,61.6,0.0,0.0
2015-01-02,61.5,-0.001624695727001857,-0.16233766233766378
2015-01-09,61.5,0.0,0.0
2015-01-16,61.5,0.0,0.0
2015-01-23,61.5,0.0,0.0
2015-01-30,61.5,0.0,0.0
2015-02-06,61.9,0.006483004878077736,0.6504065040650486
2015-02-13,61.9,0.0,0.0
2015-02-20,61.9,0.0,0.0
2015-02-27,61.9,0.0,0.0
2015-03-06,62.7,0.012841267948324742,1.292407108239102
2015-03-13,62.7,0.0,0.0
2015-03-20,62.7,0.0,0.0
2015-03-27,62.7,0.0,0.0
2015-04-03,63.3,0.009523881511255716,0.956937799043045
2015-04-10,63.3,0.0,0.0
2015-04-17,63.3,0.0,0.0
2015-04-24,63.3,0.0,0.0
2015-05-01,63.4,0.0015785322930490508,0.15797788309637184
2015-05-08,63.4,0.0,0.0
2015-05-15,63.4,0.0,0.0
2015-05-22,63.4,0.0,0.0
2015-05-29,63.4,0.0,0.0
2015-06-05,63.7,0.004720701134937499,0.4731861198738141
2015-06-12,63.7,0.0,0.0
2015-06-19,63.7,0.0,0.0
2015-06-26,63.7,0.0,0.0
2015-07-03,64.3,0.009375068665456787,0.9419152276294973
2015-07-10,64.3,0.0,0.0
2015-07-17,64.3,0.0,0.0
2015-07-24,64.3,0.0,0.0
2015-07-31,64.3,0.0,0.0
2015-08-07,64.3,0.0,0.0
2015-08-14,64.3,0.0,0.0
2015-08-21,64.3,0.0,0.0
2015-08-28,64.3,0.0,0.0
2015-09-04,64.3,0.0,0.0
2015-09-11,64.3,0.0,0.0
2015-09-18,64.3,0.0,0.0
2015-09-25,64.3,0.0,0.0
2015-10-02,64.5,0.003105592558152459,0.3110419906687367
2015-10-09,64.5,0.0,0.0
2015-10-16,64.5,0.0,0.0
2015-10-23,64.5,0.0,0.0
2015-10-30,64.5,0.0,0.0
2015-11-06,64.6,0.0015491869868293762,0.15503875968991832
2015-11-13,64.6,0.0,0.0
2015-11-20,64.6,0.0,0.0
2015-11-27,64.6,0.0,0.0
2015-12-04,64.8,0.0030911925696726072,0.3095975232198178
2015-12-11,64.8,0.0,0.0
2015-12-18,64.8,0.0,0.0
2015-12-25,64.8,0.0,0.0
2016-01-01,65.3,0.007686432924156605,0.7716049382715973
2016-01-08,65.3,0.0,0.0
2016-01-15,65.3,0.0,0.0
2016-01-22,65.3,0.0,0.0
2016-01-29,65.3,0.0,0.0
2016-02-05,66.2,0.013688426660577235,1.3782542113323304
2016-02-12,66.2,0.0,0.0
2016-02-19,66.2,0.0,0.0
2016-02-26,66.2,0.0,0.0
2016-03-04,66.8,0.009022617599637961,0.9063444108761143
2016-03-11,66.8,0.0,0.0
2016-03-18,66.8,0.0,0.0
2016-03-25,66.8,0.0,0.0
2016-04-01,67.4,0.008941937375660736,0.8982035928143839
2016-04-08,67.4,0.0,0.0
2016-04-15,67.4,0.0,0.0
2016-04-22,67.4,0.0,0.0
2016-04-29,67.4,0.0,0.0
2016-05-06,67.5,0.0014825799602231626,0.14836795252224366
2016-05-13,67.5,0.0,0.0
2016-05-20,67.5,0.0,0.0
2016-05-27,67.5,0.0,0.0
2016-06-03,67.9,0.005908436686166141,0.5925925925926112
2016-06-10,67.9,0.0,0.0
2016-06-17,67.9,0.0,0.0
2016-06-24,67.9,0.0,0.0
2016-07-01,68.5,0.008797710703529305,0.8836524300441795
2016-07-08,68.5,0.0,0.0
2016-07-15,68.5,0.0,0.0
2016-07-22,68.5,0.0,0.0
2016-07-29,68.5,0.0,0.0
2016-08-05,68.4,-0.0014609206396745122,-0.14598540145984717
2016-08-12,68.4,0.0,0.0
2016-08-19,68.4,0.0,0.0
2016-08-26,68.4,0.0,0.0
2016-09-02,68.5,0.0014609206396745122,0.14619883040933868
2016-09-09,68.5,0.0,0.0
2016-09-16,68.5,0.0,0.0
2016-09-23,68.5,0.0,0.0
2016-09-30,68.5,0.0,0.0
2016-10-07,68.8,0.004369999671117952,0.43795620437956373
2016-10-14,68.8,0.0,0.0
2016-10-21,68.8,0.0,0.0
2016-10-28,68.8,0.0,0.0
2016-11-04,69.1,0.004350985834326693,0.43604651162789665
2016-11-11,69.1,0.0,0.0
2016-11-18,69.1,0.0,0.0
2016-11-25,69.1,0.0,0.0
2016-12-02,69.3,0.002890175422233021,0.28943560057888007
2016-12-09,69.3,0.0,0.0
2016-12-16,69.3,0.0,0.0
2016-12-23,69.3,0.0,0.0
2016-12-30,69.3,0.0,0.0
2017-01-06,69.8,0.007189103572469158,0.721500721500723
2017-01-13,69.8,0.0,0.0
2017-01-20,69.8,0.0,0.0
2017-01-27,69.8,0.0,0.0
2017-02-03,70.5,0.009978700049896538,1.002865329512903
2017-02-10,70.5,0.0,0.0
2017-02-17,70.5,0.0,0.0
2017-02-24,70.5,0.0,0.0
2017-03-03,70.9,0.0056577237198585095,0.5673758865248235
2017-03-10,70.9,0.0,0.0
2017-03-17,70.9,0.0,0.0
2017-03-24,70.9,0.0,0.0
2017-03-31,70.9,0.0,0.0
2017-04-07,71.0,0.0014094435032339092,0.14104372355430161
2017-04-14,71.0,0.0,0.0
2017-04-21,71.0,0.0,0.0
2017-04-28,71.0,0.0,0.0
2017-05-05,71.1,0.00140745976787926,0.14084507042253502
2017-05-12,71.1,0.0,0.0
2017-05-19,71.1,0.0,0.0
2017-05-26,71.1,0.0,0.0
2017-06-02,71.3,0.0028089906110553287,0.2812939521800395
2017-06-09,71.3,0.0,0.0
2017-06-16,71.3,0.0,0.0
2017-06-23,71.3,0.0,0.0
2017-06-30,71.3,0.0,0.0
2017-07-07,71.4,0.0014015419252890737,0.14025245441795509
2017-07-14,71.4,0.0,0.0
2017-07-21,71.4,0.0,0.0
2017-07-28,71.4,0.0,0.0
2017-08-04,71.5,0.0013995803544224472,0.1400560224089631
2017-08-11,71.5,0.0,0.0
2017-08-18,71.5,0.0,0.0
2017-08-25,71.5,0.0,0.0
2017-09-01,71.8,0.004187026354216528,0.41958041958041203
2017-09-08,71.8,0.0,0.0
2017-09-15,71.8,0.0,0.0
2017-09-22,71.8,0.0,0.0
2017-09-29,71.8,0.0,0.0
2017-10-06,72.1,0.004169568236725318,0.41782729805013297
2017-10-13,72.1,0.0,0.0
2017-10-20,72.1,0.0,0.0
2017-10-27,72.1,0.0,0.0
2017-11-03,72.1,0.0,0.0
2017-11-10,72.1,0.0,0.0
2017-11-17,72.1,0.0,0.0
2017-11-24,72.1,0.0,0.0
2017-12-01,72.4,0.0041522551007675546,0.41608876560335073
2017-12-08,72.4,0.0,0.0
2017-12-15,72.4,0.0,0.0
2017-12-22,72.4,0.0,0.0
2017-12-29,72.4,0.0,0.0
2018-01-05,72.8,0.005509655810969072,0.5524861878452914
2018-01-12,72.8,0.0,0.0
2018-01-19,72.8,0.0,0.0
2018-01-26,72.8,0.0,0.0
2018-02-02,73.2,0.005479465764626212,0.5494505494505475
2018-02-09,73.2,0.0,0.0
2018-02-16,73.2,0.0,0.0
2018-02-23,73.2,0.0,0.0
2018-03-02,73.5,0.004089985251524375,0.4098360655737654
2018-03-09,73.5,0.0,0.0
2018-03-16,73.5,0.0,0.0
2018-03-23,73.5,0.0,0.0
2018-03-30,73.5,0.0,0.0
2018-04-06,74.0,0.006779686985379563,0.6802721088435382
2018-04-13,74.0,0.0,0.0
2018-04-20,74.0,0.0,0.0
2018-04-27,74.0,0.0,0.0
2018-05-04,74.2,0.002699056969164282,0.2702702702702675
2018-05-11,74.2,0.0,0.0
2018-05-18,74.2,0.0,0.0
2018-05-25,74.2,0.0,0.0
2018-06-01,74.4,0.0026917916657120955,0.26954177897573484
2018-06-08,74.4,0.0,0.0
2018-06-15,74.4,0.0,0.0
2018-06-22,74.4,0.0,0.0
2018-06-29,74.4,0.0,0.0
2018-07-06,75.0,0.008032171697263557,0.8064516129032251
2018-07-13,75.0,0.0,0.0
2018-07-20,75.0,0.0,0.0
2018-07-27,75.0,0.0,0.0
2018-08-03,74.9,-0.0013342230131359045,-0.13333333333332975
2018-08-10,74.9,0.0,0.0
2018-08-17,74.9,0.0,0.0
2018-08-24,74.9,0.0,0.0
2018-08-31,74.9,0.0,0.0
2018-09-07,75.3,0.005326244282673365,0.5340453938584622
2018-09-14,75.3,0.0,0.0
2018-09-21,75.3,0.0,0.0
2018-09-28,75.3,0.0,0.0
2018-10-05,75.7,0.005298025637555881,0.5312084993359889
2018-10-12,75.7,0.0,0.0
2018-10-19,75.7,0.0,0.0
2018-10-26,75.7,0.0,0.0
2018-11-02,75.8,0.0013201322049223307,0.13210039630118242
2018-11-09,75.8,0.0,0.0
2018-11-16,75.8,0.0,0.0
2018-11-23,75.8,0.0,0.0
2018-11-30,75.8,0.0,0.0
2018-12-07,75.7,-0.0013201322049223307,-0.13192612137202797
2018-12-14,75.7,0.0,0.0
2018-12-21,75.7,0.0,0.0
2018-12-28,75.7,0.0,0.0
2019-01-04,75.6,-0.0013218772579159932,-0.13210039630120463
2019-01-11,75.6,0.0,0.0
2019-01-18,75.6,0.0,0.0
2019-01-25,75.6,0.0,0.0
2019-02-01,76.2,0.007905179507113225,0.793650793650813
2019-02-08,76.2,0.0,0.0
2019-02-15,76.2,0.0,0.0
2019-02-22,76.2,0.0,0.0
2019-03-01,76.8,0.007843177461025697,0.7874015748031482
2019-03-08,76.8,0.0,0.0
2019-03-15,76.8,0.0,0.0
2019-03-22,76.8,0.0,0.0
2019-03-29,76.8,0.0,0.0
2019-04-05,77.2,0.0051948168771041026,0.5208333333333481
2019-04-12,77.2,0.0,0.0
2019-04-19,77.2,0.0,0.0
2019-04-26,77.2,0.0,0.0
2019-05-03,77.5,0.003878479328570883,0.38860103626943143
2019-05-10,77.5,0.0,0.0
2019-05-17,77.5,0.0,0.0
2019-05-24,77.5,0.0,0.0
2019-05-31,77.5,0.0,0.0
2019-06-07,77.7,0.0025773210143000824,0.2580645161290418
2019-06-14,77.7,0.0,0.0
2019-06-21,77.7,0.0,0.0
2019-06-28,77.7,0.0,0.0
2019-07-05,78.0,0.003853569315990235,0.38610038610038533
2019-07-12,78.0,0.0,0.0
2019-07-19,78.0,0.0,0.0
2019-07-26,78.0,0.0,0.0
2019-08-02,78.2,0.0025608208616736405,0.2564102564102555
2019-08-09,78.2,0.0,0.0
2019-08-16,78.2,0.0,0.0
2019-08-23,78.2,0.0,0.0
2019-08-30,78.2,0.0,0.0
2019-09-06,78.4,0.0025542798050972593,0.2557544757033181
2019-09-13,78.4,0.0,0.0
2019-09-20,78.4,0.0,0.0
2019-09-27,78.4,0.0,0.0
2019-10-04,78.4,0.0,0.0
2019-10-11,78.4,0.0,0.0
2019-10-18,78.4,0.0,0.0
2019-10-25,78.4,0.0,0.0
2019-11-01,78.5,0.0012746974320005933,0.12755102040815647
2019-11-08,78.5,0.0,0.0
2019-11-15,78.5,0.0,0.0
2019-11-22,78.5,0.0,0.0
2019-11-29,78.5,0.0,0.0
2019-12-06,78.7,0.0025445306349940466,0.2547770700636942
2019-12-13,78.7,0.0,0.0
2019-12-20,78.7,0.0,0.0
2019-12-27,78.7,0.0,0.0
2020-01-03,78.9,0.002538072428471594,0.2541296060991183
2020-01-10,78.9,0.0,0.0
2020-01-17,78.9,0.0,0.0
2020-01-24,78.9,0.0,0.0
2020-01-31,78.9,0.0,0.0
2020-02-07,79.6,0.008832864998508327,0.8871989860582907
2020-02-14,79.6,0.0,0.0
2020-02-21,79.6,0.0,0.0
2020-02-28,79.6,0.0,0.0
2020-03-06,80.0,0.005012541823544048,0.5025125628140836
2020-03-13,80.0,0.0,0.0
2020-03-20,80.0,0.0,0.0
2020-03-27,80.0,0.0,0.0
2020-04-03,79.5,-0.006269613013595077,-0.6249999999999978
2020-04-10,79.5,0.0,0.0
2020-04-17,79.5,0.0,0.0
2020-04-24,79.5,0.0,0.0
2020-05-01,79.0,-0.00630916919326463,-0.6289308176100628
2020-05-08,79.0,0.0,0.0
2020-05-15,79.0,0.0,0.0
2020-05-22,79.0,0.0,0.0
2020-05-29,79.0,0.0,0.0
2020-06-05,79.4,0.005050515786068743,0.5063291139240533
2020-06-12,79.4,0.0,0.0
2020-06-19,79.4,0.0,0.0
2020-06-26,79.4,0.0,0.0
2020-07-03,80.5,0.01375881617142749,1.3853904282115748
2020-07-10,80.5,0.0,0.0
2020-07-17,80.5,0.0,0.0
2020-07-24,80.5,0.0,0.0
2020-07-31,80.5,0.0,0.0
2020-08-07,80.6,0.001241465088065219,0.1242236024844745
2020-08-14,80.6,0.0,0.0
2020-08-21,80.6,0.0,0.0
2020-08-28,80.6,0.0,0.0
2020-09-04,80.7,0.0012399257633202154,0.12406947890819531
2020-09-11,80.7,0.0,0.0
2020-09-18,80.7,0.0,0.0
2020-09-25,80.7,0.0,0.0
2020-10-02,81.0,0.0037105793965359624,0.3717472118959009
2020-10-09,81.0,0.0,0.0
2020-10-16,81.0,0.0,0.0
2020-10-23,81.0,0.0,0.0
2020-10-30,81.0,0.0,0.0
2020-11-06,81.0,0.0,0.0
2020-11-13,81.0,0.0,0.0
2020-11-20,81.0,0.0,0.0
2020-11-27,81.0,0.0,0.0
2020-12-04,81.1,0.0012338064489281209,0.12345679012344402
2020-12-11,81.1,0.0,0.0
2020-12-18,81.1,0.0,0.0
2020-12-25,81.1,0.0,0.0
2021-01-01,81.4,0.0036923118871277083,0.36991368680643344
2021-01-08,81.4,0.0,0.0
2021-01-15,81.4,0.0,0.0
2021-01-22,81.4,0.0,0.0
2021-01-29,81.4,0.0,0.0
2021-02-05,82.0,0.00734397425575839,0.7371007371007376
2021-02-12,82.0,0.0,0.0
2021-02-19,82.0,0.0,0.0
2021-02-26,82.0,0.0,0.0
2021-03-05,82.5,0.006079046076381545,0.6097560975609762
2021-03-12,82.5,0.0,0.0
2021-03-19,82.5,0.0,0.0
2021-03-26,82.5,0.0,0.0
2021-04-02,83.1,0.007246408520767744,0.7272727272727098
2021-04-09,83.1,0.0,0.0
2021-04-16,83.1,0.0,0.0
2021-04-23,83.1,0.0,0.0
2021-04-30,83.1,0.0,0.0
2021-05-07,83.2,0.0012026459657601407,0.1203369434416457
2021-05-14,83.2,0.0,0.0
2021-05-21,83.2,0.0,0.0
2021-05-28,83.2,0.0,0.0
2021-06-04,83.4,0.0024009615375382154,0.24038461538462563
2021-06-11,83.4,0.0,0.0
2021-06-18,83.4,0.0,0.0
2021-06-25,83.4,0.0,0.0
2021-07-02,84.3,0.010733555643108517,1.0791366906474753
2021-07-09,84.3,0.0,0.0
2021-07-16,84.3,0.0,0.0
2021-07-23,84.3,0.0,0.0
2021-07-30,84.3,0.0,0.0
2021-08-06,84.6,0.003552401604368427,0.3558718861209842
2021-08-13,84.6,0.0,0.0
2021-08-20,84.6,0.0,0.0
2021-08-27,84.6,0.0,0.0
2021-09-03,84.8,0.002361276185679273,0.23640661938535423
2021-09-10,84.8,0.0,0.0
2021-09-17,84.8,0.0,0.0
2021-09-24,84.8,0.0,0.0
2021-10-01,85.1,0.003531492781471357,0.3537735849056478
2021-10-08,85.1,0.0,0.0
2021-10-15,85.1,0.0,0.0
2021-10-22,85.1,0.0,0.0
2021-10-29,85.1,0.0,0.0
2021-11-05,85.4,0.003519065215195738,0.3525264394829808
2021-11-12,85.4,0.0,0.0
2021-11-19,85.4,0.0,0.0
2021-11-26,85.4,0.0,0.0
2021-12-03,85.9,0.005837728195685621,0.5854800936768045
2021-12-10,85.9,0.0,0.0
2021-12-17,85.9,0.0,0.0
2021-12-24,85.9,0.0,0.0
2021-12-31,85.9,0.0,0.0
2022-01-07,86.1,0.002325582443474694,0.2328288707799553
2022-01-14,86.1,0.0,0.0
2022-01-21,86.1,0.0,0.0
2022-01-28,86.1,0.0,0.0
2022-02-04,86.6,0.005790404134704552,0.5807200929152101
2022-02-11,86.6,0.0,0.0
2022-02-18,86.6,0.0,0.0
2022-02-25,86.6,0.0,0.0
2022-03-04,87.5,0.010338977795179893,1.0392609699769073
2022-03-11,87.5,0.0,0.0
2022-03-18,87.5,0.0,0.0
2022-03-25,87.5,0.0,0.0
2022-04-01,88.1,0.0068337395785649235,0.6857142857142895
2022-04-08,88.1,0.0,0.0
2022-04-15,88.1,0.0,0.0
2022-04-22,88.1,0.0,0.0
2022-04-29,88.1,0.0,0.0
2022-05-06,88.7,0.006787356373400222,0.6810442678774287
2022-05-13,88.7,0.0,0.0
2022-05-20,88.7,0.0,0.0
2022-05-27,88.7,0.0,0.0
2022-06-03,89.6,0.010095430665350236,1.014656144306647
2022-06-10,89.6,0.0,0.0
2022-06-17,89.6,0.0,0.0
2022-06-24,89.6,0.0,0.0
2022-07-01,91.1,0.016602484285027863,1.6741071428571397
2022-07-08,91.1,0.0,0.0
2022-07-15,91.1,0.0,0.0
2022-07-22,91.1,0.0,0.0
2022-07-29,91.1,0.0,0.0
2022-08-05,91.3,0.002192983335010723,0.2195389681668436
2022-08-12,91.3,0.0,0.0
2022-08-19,91.3,0.0,0.0
2022-08-26,91.3,0.0,0.0
2022-09-02,91.4,0.0010946908591815685,0.10952902519167917
2022-09-09,91.4,0.0,0.0
2022-09-16,91.4,0.0,0.0
2022-09-23,91.4,0.0,0.0
2022-09-30,91.4,0.0,0.0
2022-10-07,91.7,0.0032769008023150192,0.3282275711159688
2022-10-14,91.7,0.0,0.0
2022-10-21,91.7,0.0,0.0
2022-10-28,91.7,0.0,0.0
2022-11-04,92.0,0.0032661977866208503,0.32715376226826187
2022-11-11,92.0,0.0,0.0
2022-11-18,92.0,0.0,0.0
2022-11-25,92.0,0.0,0.0
2022-12-02,92.4,0.004338401598597663,0.43478260869564966
2022-12-09,92.4,0.0,0.0
2022-12-16,92.4,0.0,0.0
2022-12-23,92.4,0.0,0.0
2022-12-30,92.4,0.0,0.0
2023-01-06,92.3,-0.001082837138831394,-0.10822510822511289
2023-01-13,92.3,0.0,0.0
2023-01-20,92.3,0.0,0.0
2023-01-27,92.3,0.0,0.0
2023-02-03,93.0,0.007555351644449537,0.7583965330444142
2023-02-10,93.0,0.0,0.0
2023-02-17,93.0,0.0,0.0
2023-02-24,93.0,0.0,0.0
2023-03-03,93.9,0.009630893060960766,0.967741935483879
2023-03-10,93.9,0.0,0.0
2023-03-17,93.9,0.0,0.0
2023-03-24,93.9,0.0,0.0
2023-03-31,93.9,0.0,0.0
2023-04-07,94.3,0.0042508034251946825,0.42598509052182987
2023-04-14,94.3,0.0,0.0
2023-04-21,94.3,0.0,0.0
2023-04-28,94.3,0.0,0.0
2023-05-05,94.5,0.002118644860285457,0.21208907741252503
2023-05-12,94.5,0.0,0.0
2023-05-19,94.5,0.0,0.0
2023-05-26,94.5,0.0,0.0
2023-06-02,94.7,0.002114165692335135,0.2116402116402183
2023-06-09,94.7,0.0,0.0
2023-06-16,94.7,0.0,0.0
2023-06-23,94.7,0.0,0.0
2023-06-30,94.7,0.0,0.0
2023-07-07,95.4,0.00736457826220871,0.7391763463569179
2023-07-14,95.4,0.0,0.0
2023-07-21,95.4,0.0,0.0
2023-07-28,95.4,0.0,0.0
2023-08-04,95.7,0.0031397200046674456,0.3144654088050203
2023-08-11,95.7,0.0,0.0
2023-08-18,95.7,0.0,0.0
2023-08-25,95.7,0.0,0.0
2023-09-01,96.4,0.007287903157591202,0.7314524555903867
2023-09-08,96.4,0.0,0.0
2023-09-15,96.4,0.0,0.0
2023-09-22,96.4,0.0,0.0
2023-09-29,96.4,0.0,0.0
2023-10-06,97.3,0.009292787575459371,0.9336099585062207
2023-10-13,97.3,0.0,0.0
2023-10-20,97.3,0.0,0.0
2023-10-27,97.3,0.0,0.0
2023-11-03,97.2,-0.001028277725565907,-0.10277492291880241
2023-11-10,97.2,0.0,0.0
2023-11-17,97.2,0.0,0.0
2023-11-24,97.2,0.0,0.0
2023-12-01,97.2,0.0,0.0
2023-12-08,97.2,0.0,0.0
2023-12-15,97.2,0.0,0.0
2023-12-22,97.2,0.0,0.0
2023-12-29,97.2,0.0,0.0
2024-01-05,97.3,0.001028277725565907,0.10288065843619965
2024-01-12,97.3,0.0,0.0
2024-01-19,97.3,0.0,0.0
2024-01-26,97.3,0.0,0.0
2024-02-02,98.1,0.008188377379358514,0.8221993833504637
2024-02-09,98.1,0.0,0.0
2024-02-16,98.1,0.0,0.0
2024-02-23,98.1,0.0,0.0
2024-03-01,98.9,0.008121872057349044,0.8154943934760572
2024-03-08,98.9,0.0,0.0
2024-03-15,98.9,0.0,0.0
2024-03-22,98.9,0.0,0.0
2024-03-29,98.9,0.0,0.0
2024-04-05,99.1,0.0020202027072757645,0.2022244691607611
2024-04-12,99.1,0.0,0.0
2024-04-19,99.1,0.0,0.0
2024-04-26,99.1,0.0,0.0
2024-05-03,99.3,0.0020161297151846114,0.20181634712412855
2024-05-10,99.3,0.0,0.0
2024-05-17,99.3,0.0,0.0
2024-05-24,99.3,0.0,0.0
2024-05-31,99.3,0.0,0.0
2024-06-07,99.4,0.0010065426114014286,0.10070493454179541
2024-06-14,99.4,0.0,0.0
2024-06-21,99.4,0.0,0.0
2024-06-28,99.4,0.0,0.0
2024-07-05,99.8,0.0040160696548898756,0.4024144869215096
2024-07-12,99.8,0.0,0.0
2024-07-19,99.8,0.0,0.0
2024-07-26,99.8,0.0,0.0
2024-08-02,99.9,0.0010015023370897325,0.10020040080160886
2024-08-09,99.9,0.0,0.0
2024-08-16,99.9,0.0,0.0
2024-08-23,99.9,0.0,0.0
2024-08-30,99.9,0.0,0.0
2024-09-06,100.0,0.001000500333583787,0.10010010010008674
2024-09-13,100.0,0.0,0.0
2024-09-20,100.0,0.0,0.0
2024-09-27,100.0,0.0,0.0
2024-10-04,100.0,0.0,0.0
2024-10-11,100.0,0.0,0.0
2024-10-18,100.0,0.0,0.0
2024-10-25,100.0,0.0,0.0
2024-11-01,99.9,-0.001000500333583787,-0.09999999999998899
2024-11-08,99.9,0.0,0.0
2024-11-15,99.9,0.0,0.0
2024-11-22,99.9,0.0,0.0
2024-11-29,99.9,0.0,0.0
2024-12-06,100.0,0.001000500333583787,0.10010010010008674
2024-12-13,100.0,0.0,0.0
2024-12-20,100.0,0.0,0.0
2024-12-27,100.0,0.0,0.0
2025-01-03,100.3,0.002995508979798167,0.29999999999998916
2025-01-10,100.3,0.0,0.0
2025-01-17,100.3,0.0,0.0
2025-01-24,100.3,0.0,0.0
2025-01-31,100.3,0.0,0.0
2025-02-07,101.2,0.008933061885475269,0.8973080757726848
2025-02-14,101.2,0.0,0.0
2025-02-21,101.2,0.0,0.0
2025-02-28,101.2,0.0,0.0
2025-03-07,101.6,0.003944778291016249,0.39525691699604515
2025-03-14,101.6,0.0,0.0
2025-03-21,101.6,0.0,0.0
2025-03-28,101.6,0.0,0.0
2025-04-04,101.9,0.0029484050842976117,0.2952755905512028
2025-04-11,101.9,0.0,0.0
2025-04-18,101.9,0.0,0.0
2025-04-25,101.9,0.0,0.0
2025-05-02,102.1,0.0019607849419402967,0.19627085377820208
2025-05-09,102.1,0.0,0.0
2025-05-16,102.1,0.0,0.0
2025-05-23,102.1,0.0,0.0
2025-05-30,102.1,0.0,0.0
2025-06-06,102.4,0.002933987434787788,0.2938295788442735
2025-06-13,102.4,0.0,0.0
2025-06-20,102.4,0.0,0.0
2025-06-27,102.4,0.0,0.0
2025-07-04,103.3,0.008750663520185498,0.87890625
2025-07-11,103.3,0.0,0.0
2025-07-18,103.3,0.0,0.0
2025-07-25,103.3,0.0,0.0
2025-08-01,103.2,-0.0009685230781304455,-0.09680542110357404
2025-08-08,103.2,0.0,0.0
2025-08-15,103.2,0.0,0.0
2025-08-22,103.2,0.0,0.0
2025-08-29,103.2,0.0,0.0
2025-09-05,103.4,0.0019361090268663617,0.19379844961240345
2025-09-12,103.4,0.0,0.0
2025-09-19,103.4,0.0,0.0
2025-09-26,103.4,0.0,0.0
2025-10-03,103.5,0.0009666506310948009,0.09671179883945502
2025-10-10,103.5,0.0,0.0
2025-10-17,103.5,0.0,0.0
2025-10-24,103.5,0.0,0.0
2025-10-31,103.5,0.0,0.0
2025-11-07,103.4,-0.0009666506310948009,-0.09661835748792091
2025-11-14,103.4,0.0,0.0
2025-11-21,103.4,0.0,0.0
2025-11-28,103.4,0.0,0.0
2025-12-05,103.6,0.001932367751053654,0.19342359767891004
