"Date","Price","Open","High","Low","Vol.","Change %"
"2026/07/19","1,634.80","1,604.00","1,680.70","1,583.80","36.03K","1.38%"
"2026/07/12","1,612.50","1,630.00","1,701.70","1,565.60","75.92K","-1.01%"
"2026/07/05","1,629.00","1,634.10","1,675.10","1,572.90","63.90K","0.06%"
"2026/06/28","1,628.10","1,632.80","1,649.00","1,539.60","53.60K","-1.17%"
"2026/06/21","1,647.30","1,701.90","1,707.10","1,547.70","95.94K","-3.51%"
"2026/06/14","1,707.30","1,730.60","1,826.00","1,688.20","69.19K","-0.29%"
"2026/06/07","1,712.20","1,797.90","1,798.50","1,641.30","100.96K","-4.77%"
"2026/05/31","1,797.90","1,929.00","1,988.20","1,770.50","89.45K","-6.82%"
"2026/05/24","1,929.50","1,940.00","1,984.50","1,870.00","61.32K","-0.53%"
"2026/05/17","1,939.70","1,980.10","2,002.90","1,910.80","65.35K","-2.62%"
"2026/05/10","1,991.80","2,059.40","2,217.50","1,974.40","84.28K","-3.28%"
"2026/05/03","2,059.30","2,012.00","2,113.60","1,940.00","58.40K","2.63%"
"2026/04/26","2,006.60","1,996.20","2,020.00","1,877.30","0.77K","-0.89%"
"2026/04/19","2,024.60","2,099.80","2,100.00","1,970.80","0.13K","-5.19%"
"2026/04/12","2,135.50","2,043.70","2,158.20","2,033.80","0.14K","3.71%"
"2026/04/05","2,059.10","1,974.50","2,119.50","1,910.00","0.08K","4.18%"
"2026/03/29","1,976.50","1,909.00","2,000.00","1,883.00","0.05K","5.10%"
"2026/03/22","1,880.60","1,940.20","2,012.30","1,725.10","59.51K","-5.68%"
"2026/03/15","1,993.80","2,050.00","2,188.80","1,881.80","33.49K","-3.45%"
"2026/03/08","2,065.00","2,118.80","2,270.90","2,039.10","24.64K","-4.74%"
"2026/03/01","2,167.80","2,442.00","2,476.20","2,037.10","22.53K","-8.36%"
"2026/02/22","2,365.60","2,146.40","2,359.80","2,146.40","0.09K","9.03%"
"2026/02/15","2,169.70","2,051.60","2,174.90","1,978.90","0.32K","4.76%"
"2026/02/08","2,071.20","2,122.80","2,193.60","1,989.20","0.94K","-1.02%"
"2026/02/01","2,092.60","2,169.00","2,315.60","1,850.00","1.67K","-1.05%"
"2026/01/25","2,114.80","2,760.00","2,898.00","1,975.00","2.31K","-22.67%"
"2026/01/18","2,734.80","2,347.10","2,765.00","2,347.10","1.14K","17.97%"
"2026/01/11","2,318.30","2,332.30","2,438.40","2,252.70","0.80K","1.12%"
"2026/01/04","2,292.70","2,282.30","2,449.50","2,177.00","0.13K","7.29%"
"2025/12/28","2,137.00","2,131.70","2,283.50","1,927.40","110.73K","-14.21%"
"2025/12/21","2,491.10","2,054.40","2,538.80","2,051.50","166.29K","21.23%"
"2025/12/14","2,054.80","1,789.00","2,060.80","1,766.00","74.52K","14.97%"
"2025/12/07","1,787.30","1,677.80","1,828.00","1,666.70","29.71K","7.64%"
"2025/11/30","1,660.50","1,685.40","1,736.00","1,623.00","147.81K","-1.45%"
"2025/11/23","1,685.00","1,521.00","1,695.90","1,521.00","62.27K","10.55%"
"2025/11/16","1,524.20","1,559.20","1,591.00","1,489.20","128.32K","-2.62%"
"2025/11/09","1,565.20","1,549.10","1,666.40","1,530.30","126.46K","1.04%"
"2025/11/02","1,549.10","1,572.20","1,618.60","1,513.20","99.28K","-1.67%"
"2025/10/26","1,575.40","1,587.20","1,630.00","1,502.90","43.86K","-1.48%"
"2025/10/19","1,599.10","1,633.30","1,660.00","1,497.00","1.25K","-0.89%"
"2025/10/12","1,613.40","1,640.60","1,761.80","1,616.80","1.18K","-0.23%"
"2025/10/05","1,617.10","1,641.00","1,717.10","1,616.60","0.43K","-1.52%"
"2025/09/28","1,642.10","1,612.00","1,655.00","1,552.70","177.88K","2.71%"
"2025/09/21","1,598.80","1,436.70","1,598.80","1,422.60","121.31K","11.66%"
"2025/09/14","1,431.80","1,418.80","1,442.00","1,372.70","51.46K","0.29%"
"2025/09/07","1,427.60","1,396.30","1,437.30","1,376.60","38.52K","1.98%"
"2025/08/31","1,399.90","1,383.00","1,476.70","1,380.00","24.64K","2.15%"
"2025/08/24","1,370.50","1,356.80","1,375.00","1,322.20","45.33K","1.03%"
"2025/08/17","1,356.50","1,341.10","1,376.10","1,297.20","0.67K","1.33%"
"2025/08/10","1,338.70","1,333.60","1,369.60","1,310.80","0.53K","0.44%"
"2025/08/03","1,332.80","1,322.30","1,365.30","1,308.90","0.74K","1.21%"
"2025/07/27","1,316.90","1,431.90","1,457.90","1,271.10","128.78K","-7.05%"
"2025/07/20","1,416.80","1,458.20","1,505.00","1,410.50","0.28K","-2.34%"
"2025/07/13","1,450.80","1,453.50","1,489.20","1,397.00","0.30K","-0.91%"
"2025/07/06","1,464.10","1,398.10","1,469.70","1,360.40","0.32K","5.93%"
"2025/06/29","1,382.10","1,350.10","1,447.90","1,336.30","158.06K","2.23%"
"2025/06/22","1,351.90","1,269.90","1,440.50","1,246.90","150.88K","6.48%"
"2025/06/15","1,269.60","1,215.70","1,347.50","1,215.70","62.37K","4.04%"
"2025/06/08","1,220.30","1,170.00","1,307.10","1,170.00","64.42K","4.23%"
"2025/06/01","1,170.80","1,062.10","1,185.30","1,049.00","38.36K","10.99%"
"2025/05/25","1,054.90","1,096.70","1,096.70","1,050.50","61.61K","-3.10%"
"2025/05/18","1,088.70","991.70","1,102.00","987.10","0.39K","9.88%"
"2025/05/11","990.80","998.20","1,004.90","972.60","0.41K","-0.85%"
"2025/05/04","999.30","962.70","1,001.20","957.50","0.32K","3.44%"
"2025/04/27","966.10","972.00","998.50","959.70","89.04K","-0.38%"
"2025/04/20","969.80","973.90","979.70","953.00","0.17K","-0.34%"
"2025/04/13","973.10","947.80","978.70","947.80","0.18K","3.39%"
"2025/04/06","941.20","896.70","945.00","885.00","0.30K","2.91%"
"2025/03/30","914.60","999.10","1,031.60","910.70","187.32K","-8.18%"
"2025/03/23","996.10","994.30","1,012.00","977.40","93.83K","0.45%"
"2025/03/16","991.60","1,020.50","1,046.70","987.70","50.14K","-3.23%"
"2025/03/09","1,024.70","981.00","1,033.80","969.20","39.04K","6.02%"
"2025/03/02","966.50","947.10","989.20","946.50","156.48K","3.05%"
"2025/02/23","937.90","984.40","989.10","936.70","64.84K","-4.47%"
"2025/02/16","981.80","1,007.10","1,012.00","978.90","0.27K","-3.14%"
"2025/02/09","1,013.60","1,001.00","1,056.30","999.80","0.54K","-0.19%"
"2025/02/02","1,015.50","1,039.40","1,039.40","988.80","0.37K","-2.70%"
"2025/01/26","1,043.70","954.60","1,045.60","945.60","82.51K","8.02%"
"2025/01/19","966.20","956.00","977.20","943.80","0.26K","0.68%"
"2025/01/12","959.70","979.00","979.00","934.30","0.24K","-3.10%"
"2025/01/05","990.40","937.90","995.00","936.10","0.27K","4.44%"
"2024/12/29","948.30","936.50","949.50","907.40","107.89K","1.91%"
"2024/12/22","930.50","940.40","969.80","930.50","50.46K","-1.15%"
"2024/12/15","941.30","941.00","960.70","929.00","67.56K","0.37%"
"2024/12/08","937.80","947.20","975.40","935.00","41.41K","-0.70%"
"2024/12/01","944.40","961.10","974.20","943.00","20.74K","-2.01%"
"2024/11/24","963.80","980.50","985.00","939.00","6.88K","-2.04%"
"2024/11/17","983.90","957.90","991.30","957.90","6.65K","3.13%"
"2024/11/10","954.00","987.00","1,003.10","941.70","4.90K","-3.37%"
"2024/11/03","987.30","1,016.00","1,021.10","981.40","7.11K","-2.44%"
"2024/10/27","1,012.00","1,034.70","1,073.10","1,003.30","42.83K","-2.38%"
"2024/10/20","1,036.70","1,025.50","1,053.40","1,012.60","127.70K","1.19%"
"2024/10/13","1,024.50","991.90","1,027.60","976.90","120.99K","3.03%"
"2024/10/06","994.40","1,001.90","1,006.90","953.00","116.63K","-0.73%"
"2024/09/29","1,001.70","1,015.90","1,025.80","982.10","117.01K","-1.99%"
"2024/09/22","1,022.00","991.40","1,030.60","966.20","96.18K","3.02%"
"2024/09/15","992.00","1,010.00","1,018.10","976.20","51.67K","-2.40%"
"2024/09/08","1,016.40","933.40","1,018.20","933.10","39.66K","9.40%"
"2024/09/01","929.10","941.50","952.00","912.50","18.28K","-1.43%"
"2024/08/25","942.60","980.50","997.00","939.70","8.93K","-3.46%"
"2024/08/18","976.40","973.30","989.80","955.10","6.07K","0.43%"
"2024/08/11","972.20","940.60","979.00","936.70","5.94K","3.40%"
"2024/08/04","940.20","974.90","977.80","922.60","12.04K","-3.90%"
"2024/07/28","978.40","946.30","1,000.60","946.20","25.58K","3.60%"
"2024/07/21","944.40","975.00","983.80","934.70","127.72K","-3.03%"
"2024/07/14","973.90","1,015.50","1,042.20","963.50","152.42K","-3.89%"
"2024/07/07","1,013.30","1,044.70","1,044.70","992.10","114.52K","-3.13%"
"2024/06/30","1,046.00","1,009.80","1,049.80","986.10","106.33K","3.15%"
"2024/06/23","1,014.10","1,007.90","1,031.40","995.80","100.06K","0.60%"
"2024/06/16","1,008.10","975.90","1,017.10","962.30","58.14K","3.83%"
"2024/06/09","970.90","986.20","994.70","959.70","34.93K","-1.37%"
"2024/06/02","984.40","1,055.90","1,066.60","981.20","18.58K","-6.59%"
"2024/05/26","1,053.90","1,052.00","1,087.60","1,038.20","7.58K","0.31%"
"2024/05/19","1,050.60","1,105.50","1,116.40","1,034.70","8.67K","-4.53%"
"2024/05/12","1,100.50","1,018.10","1,110.90","1,010.80","9.55K","8.18%"
"2024/05/05","1,017.30","980.00","1,018.40","968.20","7.16K","4.15%"
"2024/04/28","976.80","938.00","990.60","935.60","5.88K","5.93%"
"2024/04/21","922.10","944.00","946.90","905.50","154.05K","-2.30%"
"2024/04/14","943.80","992.70","998.70","936.50","144.81K","-5.78%"
"2024/04/07","1,001.70","940.50","1,020.50","931.70","200.61K","6.50%"
"2024/03/31","940.60","922.70","958.20","905.00","157.12K","2.12%"
"2024/03/24","921.10","907.90","925.50","900.20","78.99K","1.49%"
"2024/03/17","907.60","950.40","951.40","900.90","75.30K","-4.69%"
"2024/03/10","952.30","926.50","967.00","924.80","31.75K","3.04%"
"2024/03/03","924.20","901.60","940.50","893.40","21.21K","3.01%"
"2024/02/25","897.20","913.70","914.90","879.80","12.55K","-2.28%"
"2024/02/18","918.10","920.80","928.50","896.10","7.82K","-0.35%"
"2024/02/11","921.30","891.10","923.80","883.30","5.57K","3.81%"
"2024/02/04","887.50","910.00","923.10","882.70","7.11K","-2.53%"
"2024/01/28","910.50","921.70","951.20","908.90","29.10K","-1.17%"
"2024/01/21","921.30","909.40","924.90","892.50","100.44K","1.58%"
"2024/01/14","907.00","917.00","926.70","883.20","117.76K","-1.53%"
"2024/01/07","921.10","971.30","976.80","914.00","122.32K","-5.22%"
"2023/12/31","971.80","1,006.60","1,015.10","953.90","89.56K","-3.71%"
"2023/12/24","1,009.20","992.20","1,031.00","987.50","56.47K","1.56%"
"2023/12/17","993.70","955.90","998.40","953.00","63.37K","3.38%"
"2023/12/10","961.20","927.80","981.00","919.70","43.16K","3.66%"
"2023/12/03","927.30","950.00","957.00","897.50","19.75K","-1.73%"
"2023/11/26","943.60","942.40","960.90","925.40","9.22K","-0.02%"
"2023/11/19","943.80","908.50","955.20","905.80","5.64K","3.91%"
"2023/11/12","908.30","855.90","919.80","852.70","4.68K","6.51%"
"2023/11/05","852.80","946.00","948.70","850.40","5.08K","-10.29%"
"2023/10/29","950.60","919.90","957.50","914.50","2.98K","4.95%"
"2023/10/22","905.80","903.70","920.40","885.00","101.35K","0.08%"
"2023/10/15","905.10","888.70","914.70","879.10","95.64K","2.36%"
"2023/10/08","884.20","884.60","902.60","867.90","100.34K","0.31%"
"2023/10/01","881.50","916.20","921.60","856.80","123.60K","-3.76%"
"2023/09/24","915.90","939.90","941.10","894.10","92.38K","-2.56%"
"2023/09/17","940.00","936.70","959.90","923.80","61.10K","0.48%"
"2023/09/10","935.50","903.80","940.00","902.00","35.42K","3.71%"
"2023/09/03","902.00","976.00","979.40","900.60","12.30K","-7.53%"
"2023/08/27","975.50","958.80","1,000.00","949.50","7.83K","2.21%"
"2023/08/20","954.40","921.70","961.40","911.70","4.29K","3.64%"
"2023/08/13","920.90","925.30","925.30","890.00","2.86K","-0.07%"
"2023/08/06","921.50","938.50","941.20","898.50","2.75K","-1.60%"
"2023/07/30","936.50","952.60","973.20","923.30","3.03K","-1.56%"
"2023/07/23","951.30","971.60","986.10","940.20","66.13K","-2.15%"
"2023/07/16","972.20","982.30","1,003.70","960.40","77.36K","-1.23%"
"2023/07/09","984.30","918.40","986.90","909.80","94.05K","7.16%"
"2023/07/02","918.50","910.20","935.50","899.00","74.06K","0.58%"
"2023/06/25","913.20","926.90","943.80","894.20","86.18K","-1.48%"
"2023/06/18","926.90","992.30","993.00","923.50","51.19K","-6.56%"
"2023/06/11","992.00","1,012.50","1,017.60","970.00","24.36K","-2.53%"
"2023/06/04","1,017.80","1,017.30","1,056.30","1,005.70","16.95K","0.78%"
"2023/05/28","1,009.90","1,034.00","1,050.90","1,003.90","8.42K","-0.99%"
"2023/05/21","1,020.00","1,078.00","1,091.50","1,027.50","5.21K","-5.55%"
"2023/05/14","1,079.90","1,062.90","1,089.70","1,059.70","2.20K","0.74%"
"2023/05/07","1,072.00","1,074.20","1,140.20","1,064.00","3.47K","-0.17%"
"2023/04/30","1,073.80","1,094.10","1,108.70","1,049.70","2.99K","-1.99%"
"2023/04/23","1,095.60","1,142.50","1,142.50","1,077.00","65.18K","-3.79%"
"2023/04/16","1,138.70","1,058.50","1,148.90","1,050.20","107.21K","8.04%"
"2023/04/09","1,054.00","1,012.50","1,071.10","995.80","85.07K","3.66%"
"2023/04/02","1,016.80","1,001.00","1,036.90","987.10","70.71K","1.37%"
"2023/03/26","1,003.10","993.80","1,005.00","965.00","58.29K","1.29%"
"2023/03/19","990.30","986.10","1,009.00","967.10","45.19K","0.96%"
"2023/03/12","980.90","975.00","1,014.60","957.00","22.20K","1.60%"
"2023/03/05","965.50","985.10","988.30","936.80","25.64K","-1.98%"
"2023/02/26","985.00","917.40","990.90","910.00","11.35K","8.46%"
"2023/02/19","908.20","925.00","966.40","923.00","6.85K","-2.02%"
"2023/02/12","926.90","955.00","968.70","914.60","6.22K","-3.14%"
"2023/02/05","956.90","988.80","1,001.00","954.10","1.89K","-3.06%"
"2023/01/29","987.10","1,027.10","1,050.10","984.50","2.05K","-2.92%"
"2023/01/22","1,016.80","1,055.50","1,068.80","1,004.10","86.09K","-2.96%"
"2023/01/15","1,047.80","1,074.70","1,085.10","1,015.00","96.81K","-2.30%"
"2023/01/08","1,072.50","1,109.50","1,117.00","1,055.10","84.48K","-2.88%"
"2023/01/01","1,104.30","1,086.90","1,112.10","1,057.30","78.96K","1.98%"
"2022/12/25","1,082.90","1,032.60","1,087.60","1,014.00","61.60K","4.87%"
"2022/12/18","1,032.60","1,003.10","1,038.00","975.40","60.88K","2.81%"
"2022/12/11","1,004.40","1,034.80","1,058.70","1,000.70","26.01K","-3.26%"
"2022/12/04","1,038.20","1,026.80","1,041.90","988.50","16.67K","0.90%"
"2022/11/27","1,028.90","1,000.40","1,067.70","998.80","12.28K","3.99%"
"2022/11/20","989.40","985.50","1,010.30","970.50","5.63K","0.58%"
"2022/11/13","983.70","1,037.00","1,044.70","981.00","2.87K","-4.92%"
"2022/11/06","1,034.60","956.40","1,066.50","951.40","4.93K","8.00%"
"2022/10/30","958.00","943.20","967.40","910.50","1.47K","1.23%"
"2022/10/23","946.40","935.10","974.10","907.60","82.19K","1.34%"
"2022/10/16","933.90","896.90","937.50","875.00","93.19K","4.36%"
"2022/10/09","894.90","914.30","916.00","861.90","99.65K","-2.51%"
"2022/10/02","917.90","856.80","941.20","856.20","103.13K","6.84%"
"2022/09/25","859.10","850.70","875.80","838.00","62.25K","0.30%"
"2022/09/18","856.50","903.10","934.30","850.60","43.80K","-4.42%"
"2022/09/11","896.10","875.90","916.80","867.30","23.51K","2.12%"
"2022/09/04","877.50","818.00","882.40","818.00","16.38K","6.71%"
"2022/08/28","822.30","857.80","857.80","801.20","10.51K","-4.35%"
"2022/08/21","859.70","890.00","893.20","855.80","6.13K","-3.34%"
"2022/08/14","889.40","965.20","965.20","880.00","1.84K","-7.44%"
"2022/08/07","960.90","930.20","975.50","920.00","1.53K","3.76%"
"2022/07/31","926.10","888.80","941.70","883.60","1.40K","3.87%"
"2022/07/24","891.60","865.00","900.40","853.60","34.71K","2.81%"
"2022/07/17","867.20","833.80","878.10","830.70","64.52K","4.37%"
"2022/07/10","830.90","884.60","886.00","806.70","76.04K","-5.88%"
"2022/07/03","882.80","878.30","891.60","832.00","77.36K","1.32%"
"2022/06/26","871.30","904.70","933.00","850.10","77.86K","-3.54%"
"2022/06/19","903.30","931.40","954.70","900.20","44.01K","-2.95%"
"2022/06/12","930.80","974.30","975.60","910.80","26.36K","-4.33%"
"2022/06/05","972.90","1,020.70","1,039.00","955.00","22.42K","-4.41%"
"2022/05/29","1,017.80","948.40","1,036.90","945.00","8.63K","7.69%"
"2022/05/22","945.10","949.70","971.80","923.90","6.01K","0.45%"
"2022/05/15","940.90","934.40","960.70","910.00","1.85K","1.01%"
"2022/05/08","931.50","942.00","990.00","914.00","2.96K","-2.58%"
"2022/05/01","956.20","937.30","992.00","911.00","2.71K","1.67%"
"2022/04/24","940.50","924.00","942.90","895.40","63.42K","1.41%"
"2022/04/17","927.40","995.00","1,026.40","923.00","84.49K","-6.72%"
"2022/04/10","994.20","976.30","997.00","960.50","49.18K","1.91%"
"2022/04/03","975.60","989.30","1,002.00","941.40","74.76K","-1.31%"
"2022/03/27","988.60","1,010.30","1,011.20","982.10","54.56K","-2.19%"
"2022/03/20","1,010.70","1,031.50","1,049.90","1,004.90","35.06K","-2.45%"
"2022/03/13","1,036.10","1,093.60","1,094.20","983.40","19.75K","-4.60%"
"2022/03/06","1,086.10","1,126.00","1,190.00","1,063.90","22.28K","-2.73%"
"2022/02/27","1,116.60","1,075.10","1,128.00","1,035.90","10.79K","6.23%"
"2022/02/20","1,051.10","1,071.00","1,097.50","1,049.40","5.05K","-2.44%"
"2022/02/13","1,077.40","1,039.90","1,098.20","1,006.90","4.11K","5.67%"
"2022/02/06","1,019.60","1,028.30","1,058.60","1,005.10","4.34K","-0.49%"
"2022/01/30","1,024.60","1,011.90","1,046.60","1,010.30","6.07K","1.81%"
"2022/01/23","1,006.40","1,034.00","1,064.60","992.00","72.95K","-2.77%"
"2022/01/16","1,035.10","966.20","1,057.50","959.60","91.83K","7.31%"
"2022/01/09","964.60","958.10","983.00","919.50","73.20K","0.85%"
"2022/01/02","956.50","968.70","1,004.80","928.70","83.69K","-1.00%"
"2021/12/26","966.20","973.40","989.90","948.80","40.46K","-0.62%"
"2021/12/19","972.20","932.50","974.20","906.80","31.38K","4.21%"
"2021/12/12","932.90","942.00","949.50","886.10","21.64K","-0.24%"
"2021/12/05","935.10","930.70","961.20","917.30","15.29K","0.86%"
"2021/11/28","927.10","953.70","981.10","919.00","11.29K","-2.91%"
"2021/11/21","954.90","1,037.60","1,045.20","959.30","6.11K","-7.97%"
"2021/11/14","1,037.60","1,089.30","1,113.40","1,035.20","2.51K","-4.82%"
"2021/11/07","1,090.10","1,037.50","1,100.00","1,037.40","2.50K","5.13%"
"2021/10/31","1,036.90","1,020.30","1,069.90","1,020.00","1.30K","1.49%"
"2021/10/24","1,021.70","1,044.80","1,066.60","1,006.70","43.17K","-2.89%"
"2021/10/17","1,052.10","1,059.00","1,080.80","1,034.80","66.51K","-0.64%"
"2021/10/10","1,058.90","1,027.10","1,064.20","1,002.00","76.52K","2.99%"
"2021/10/03","1,028.20","974.50","1,041.70","939.10","75.03K","5.61%"
"2021/09/26","973.60","981.00","996.50","941.40","43.85K","-0.28%"
"2021/09/19","976.30","933.90","1,010.70","892.90","54.28K","4.69%"
"2021/09/12","932.60","952.00","961.00","918.20","20.60K","-2.81%"
"2021/09/05","959.60","1,023.40","1,028.50","945.90","12.74K","-6.33%"
"2021/08/29","1,024.50","1,010.00","1,028.40","989.00","8.71K","1.70%"
"2021/08/22","1,007.40","992.20","1,020.30","975.20","4.54K","1.18%"
"2021/08/15","995.70","1,028.50","1,028.50","959.30","1.70K","-3.16%"
"2021/08/08","1,028.20","976.60","1,031.00","956.80","1.24K","5.47%"
"2021/08/01","974.90","1,050.00","1,068.00","972.00","1.63K","-7.28%"
"2021/07/25","1,051.50","1,057.10","1,082.80","1,035.70","37.72K","-0.93%"
"2021/07/18","1,061.40","1,101.00","1,107.10","1,042.20","69.94K","-4.25%"
"2021/07/11","1,108.50","1,098.00","1,141.20","1,085.30","72.02K","1.17%"
"2021/07/04","1,095.70","1,088.10","1,118.00","1,062.30","54.15K","0.74%"
"2021/06/27","1,087.70","1,093.20","1,097.70","1,049.10","53.78K","-1.63%"
"2021/06/20","1,105.70","1,044.30","1,113.10","1,026.00","44.90K","5.79%"
"2021/06/13","1,045.20","1,152.30","1,177.60","1,039.00","26.43K","-9.51%"
"2021/06/06","1,155.00","1,172.30","1,183.00","1,131.40","12.99K","-1.16%"
"2021/05/30","1,168.50","1,188.20","1,214.20","1,146.70","8.81K","-1.53%"
"2021/05/23","1,186.60","1,171.00","1,204.90","1,165.90","5.49K","1.12%"
"2021/05/16","1,173.40","1,238.40","1,255.80","1,171.40","2.50K","-4.30%"
"2021/05/09","1,226.10","1,257.60","1,281.20","1,203.60","1.66K","-2.53%"
"2021/05/02","1,257.90","1,207.00","1,276.40","1,199.00","1.25K","4.07%"
"2021/04/25","1,208.70","1,233.80","1,261.80","1,180.00","38.73K","-1.98%"
"2021/04/18","1,233.10","1,207.40","1,256.70","1,185.10","67.53K","2.02%"
"2021/04/11","1,208.70","1,208.30","1,212.90","1,155.60","67.94K","-0.05%"
"2021/04/04","1,209.30","1,216.90","1,252.50","1,193.20","53.98K","0.06%"
"2021/03/28","1,208.60","1,180.40","1,217.50","1,156.20","37.34K","2.28%"
"2021/03/21","1,181.70","1,200.60","1,200.60","1,148.50","49.67K","-1.86%"
"2021/03/14","1,204.10","1,211.90","1,244.00","1,175.90","18.29K","-0.02%"
"2021/03/07","1,204.40","1,137.60","1,236.10","1,124.40","14.99K","6.31%"
"2021/02/28","1,132.90","1,186.40","1,234.60","1,115.20","12.00K","-4.74%"
"2021/02/21","1,189.30","1,292.80","1,313.00","1,175.60","5.63K","-8.31%"
"2021/02/14","1,297.10","1,274.00","1,351.20","1,236.20","3.78K","2.82%"
"2021/02/07","1,261.50","1,140.60","1,282.40","1,140.60","2.40K","11.04%"
"2021/01/31","1,136.10","1,098.00","1,143.00","1,088.00","2.42K","4.86%"
"2021/01/24","1,083.40","1,110.20","1,125.30","1,059.80","35.33K","-2.54%"
"2021/01/17","1,111.60","1,079.80","1,163.40","1,072.00","55.73K","1.99%"
"2021/01/10","1,089.90","1,075.00","1,130.00","1,011.00","68.11K","1.74%"
"2021/01/03","1,071.30","1,081.00","1,142.00","1,055.00","90.32K","-0.73%"
"2020/12/27","1,079.20","1,033.10","1,091.80","1,033.10","26.10K","4.27%"
"2020/12/20","1,035.00","1,052.20","1,066.50","932.30","40.41K","-1.33%"
"2020/12/13","1,049.00","1,021.80","1,069.80","1,010.10","27.95K","2.21%"
"2020/12/06","1,026.30","1,073.80","1,081.60","1,002.00","19.32K","-4.65%"
"2020/11/29","1,076.40","975.10","1,096.50","961.60","9.11K","10.93%"
"2020/11/22","970.30","957.00","978.10","925.00","4.46K","0.96%"
"2020/11/15","961.10","898.80","970.30","894.50","3.32K","6.79%"
"2020/11/08","900.00","907.50","911.60","851.00","1.75K","-0.31%"
"2020/11/01","902.80","851.10","918.00","843.10","1.61K","5.91%"
"2020/10/25","852.40","909.80","911.00","848.80","42.12K","-5.99%"
"2020/10/18","906.70","867.70","924.10","852.10","65.39K","4.30%"
"2020/10/11","869.30","897.10","897.10","841.70","55.34K","-2.80%"
"2020/10/04","894.30","890.20","913.00","855.00","56.30K","0.33%"
"2020/09/27","891.40","891.50","919.10","873.50","48.81K","4.97%"
"2020/09/20","849.20","938.50","951.90","829.20","45.28K","-10.24%"
"2020/09/13","946.10","945.00","996.00","933.00","15.07K","0.01%"
"2020/09/06","946.00","910.80","955.20","898.80","8.14K","4.50%"
"2020/08/30","905.30","951.00","979.40","890.30","8.10K","-4.61%"
"2020/08/23","949.10","931.00","958.60","924.00","6.12K","1.75%"
"2020/08/16","932.80","971.80","995.90","911.60","2.02K","-3.42%"
"2020/08/09","965.80","985.10","1,033.00","937.50","2.01K","-1.19%"
"2020/08/02","977.40","927.00","1,036.20","921.30","1.70K","5.64%"
"2020/07/26","925.20","953.90","1,002.00","895.00","55.81K","-3.22%"
"2020/07/19","956.00","851.60","974.90","845.60","87.52K","12.52%"
"2020/07/12","849.60","845.60","870.20","825.50","47.36K","0.44%"
"2020/07/05","845.90","825.00","892.90","823.20","64.36K","1.72%"
"2020/06/28","831.60","817.00","865.00","815.40","39.78K","2.09%"
"2020/06/21","814.60","831.20","860.80","800.40","25.28K","-1.89%"
"2020/06/14","830.30","826.40","853.10","798.00","11.71K","0.65%"
"2020/06/07","824.90","844.40","876.90","815.40","12.62K","-1.33%"
"2020/05/31","836.00","877.60","909.40","823.60","8.44K","-4.44%"
"2020/05/24","874.80","882.70","904.90","850.90","3.95K","-1.22%"
"2020/05/17","885.60","817.60","931.80","817.60","6.65K","8.64%"
"2020/05/10","815.20","794.70","820.00","768.00","1.41K","3.33%"
"2020/05/03","788.90","762.80","799.70","758.60","0.69K","2.06%"
"2020/04/26","773.00","780.80","821.30","767.60","14.36K","-0.10%"
"2020/04/19","773.80","789.10","814.30","716.80","47.55K","-1.46%"
"2020/04/12","785.30","751.40","838.20","741.60","60.83K","4.90%"
"2020/04/05","748.60","718.80","760.20","718.80","37.94K","4.25%"
"2020/03/29","718.10","736.00","745.10","701.20","49.47K","-3.09%"
"2020/03/22","741.00","621.00","748.00","595.50","47.65K","18.86%"
"2020/03/15","623.40","772.40","772.40","556.00","32.78K","-16.30%"
"2020/03/08","744.80","910.00","919.00","738.00","22.77K","-17.27%"
"2020/03/01","900.30","859.80","909.10","857.20","14.35K","3.49%"
"2020/02/23","869.90","983.00","987.00","855.30","9.26K","-11.38%"
"2020/02/16","981.60","972.50","1,026.00","972.50","3.33K","0.78%"
"2020/02/09","974.00","975.20","983.30","962.10","1.77K","-0.03%"
"2020/02/02","974.30","972.00","996.00","959.30","2.37K","0.77%"
"2020/01/26","966.90","1,016.40","1,016.40","964.50","61.74K","-4.32%"
"2020/01/19","1,010.60","1,027.00","1,034.90","993.10","90.76K","-1.39%"
"2020/01/12","1,024.80","983.60","1,046.70","969.10","131.80K","3.94%"
"2020/01/05","986.00","991.00","999.00","952.50","94.16K","-0.43%"
"2019/12/29","990.30","954.00","1,001.40","951.90","74.92K","3.72%"
"2019/12/22","954.80","918.60","968.80","918.50","40.11K","3.78%"
"2019/12/15","920.00","934.90","947.50","917.40","49.11K","-1.59%"
"2019/12/08","934.90","902.70","957.30","896.10","26.68K","3.33%"
"2019/12/01","904.80","902.70","923.80","892.50","13.69K","-0.13%"
"2019/11/24","906.00","898.00","915.00","896.80","2.70K","0.90%"
"2019/11/17","897.90","898.30","934.00","886.30","3.57K","-0.19%"
"2019/11/10","899.60","897.10","903.40","874.00","2.06K","0.07%"
"2019/11/03","899.00","963.00","964.00","895.80","2.19K","-6.32%"
"2019/10/27","959.70","929.60","964.00","912.70","36.54K","2.83%"
"2019/10/20","933.30","896.30","943.90","887.80","89.30K","4.17%"
"2019/10/13","895.90","900.10","906.90","880.10","68.00K","-0.49%"
"2019/10/06","900.30","887.00","911.40","879.40","84.58K","1.51%"
"2019/09/29","886.90","936.50","940.80","875.60","124.23K","-5.26%"
"2019/09/22","936.10","948.90","970.90","926.10","77.68K","-1.35%"
"2019/09/15","948.90","965.00","968.10","929.50","36.50K","-0.97%"
"2019/09/08","958.20","958.80","972.40","937.10","17.92K","-0.61%"
"2019/09/01","964.10","942.50","1,006.10","934.00","21.25K","2.90%"
"2019/08/25","936.90","867.10","949.00","860.20","7.87K","8.90%"
"2019/08/18","860.30","856.90","876.90","848.00","2.22K","0.47%"
"2019/08/11","856.30","869.20","875.00","840.20","1.90K","-1.47%"
"2019/08/04","869.10","854.30","878.30","851.00","1.56K","1.29%"
"2019/07/28","858.00","869.40","891.40","850.90","16.18K","-1.13%"
"2019/07/21","867.80","850.10","889.70","847.40","97.87K","1.84%"
"2019/07/14","852.10","834.80","865.50","832.30","106.70K","2.10%"
"2019/07/07","834.60","815.00","836.20","809.20","79.79K","2.86%"
"2019/06/30","811.40","839.60","851.60","808.30","103.79K","-3.53%"
"2019/06/23","841.10","814.00","844.90","808.30","121.82K","3.11%"
"2019/06/16","815.70","809.60","828.90","795.50","39.05K","0.70%"
"2019/06/09","810.00","813.70","825.10","802.50","18.45K","-0.22%"
"2019/06/02","811.80","799.00","838.50","798.50","11.83K","1.53%"
"2019/05/26","799.60","810.10","821.50","793.70","4.18K","-1.06%"
"2019/05/19","808.20","823.90","831.40","802.20","2.18K","-2.11%"
"2019/05/12","825.60","870.50","872.80","823.80","1.74K","-5.20%"
"2019/05/05","870.90","878.20","891.50","855.40","1.69K","-1.06%"
"2019/04/28","880.20","909.40","910.00","853.00","2.55K","-2.59%"
"2019/04/21","903.60","906.30","918.30","881.10","77.64K","-0.01%"
"2019/04/14","903.70","896.00","907.90","880.60","70.66K","0.58%"
"2019/04/07","898.50","905.30","920.40","890.50","96.58K","-0.76%"
"2019/03/31","905.40","853.50","913.50","847.80","118.33K","6.01%"
"2019/03/24","854.10","853.80","870.70","838.70","76.37K","0.08%"
"2019/03/17","853.40","835.70","881.90","829.00","38.64K","1.96%"
"2019/03/10","837.00","823.20","854.30","814.80","21.40K","1.68%"
"2019/03/03","823.20","871.10","871.10","819.40","16.06K","-5.26%"
"2019/02/24","868.90","850.90","884.90","850.90","6.42K","2.09%"
"2019/02/17","851.10","813.50","851.20","811.90","1.75K","4.82%"
"2019/02/10","812.00","804.70","814.20","786.20","1.47K","0.53%"
"2019/02/03","807.70","831.40","831.50","802.00","1.08K","-2.92%"
"2019/01/27","832.00","820.40","839.00","810.90","27.26K","1.67%"
"2019/01/20","818.30","798.70","822.50","788.50","72.38K","2.02%"
"2019/01/13","802.10","813.50","818.20","797.50","81.86K","-1.94%"
"2019/01/06","818.00","826.30","836.50","813.50","76.40K","-1.11%"
"2018/12/30","827.20","795.80","828.50","787.90","75.65K","3.87%"
"2018/12/23","796.40","792.70","809.30","791.30","34.99K","-0.34%"
"2018/12/16","799.10","793.30","804.50","788.50","45.27K","1.00%"
"2018/12/09","791.20","799.90","814.50","785.00","21.54K","-0.64%"
"2018/12/02","796.30","806.50","821.40","790.50","15.57K","-1.06%"
"2018/11/25","804.80","848.10","856.20","804.20","4.37K","-5.26%"
"2018/11/18","849.50","853.60","862.40","844.70","1.09K","-0.18%"
"2018/11/11","851.00","862.90","864.00","833.80","2.92K","-1.08%"
"2018/11/04","860.30","876.50","885.50","859.40","0.62K","-2.23%"
"2018/10/28","879.90","835.70","880.00","833.50","18.01K","5.45%"
"2018/10/21","834.40","833.40","842.00","820.00","83.76K","-0.19%"
"2018/10/14","836.00","843.70","854.50","828.60","70.31K","-0.48%"
"2018/10/07","840.00","825.50","848.00","812.40","89.17K","1.88%"
"2018/09/30","824.50","819.00","840.00","811.40","87.62K","0.26%"
"2018/09/23","822.40","830.30","838.40","809.20","79.24K","-1.26%"
"2018/09/16","832.90","798.40","841.80","795.00","50.81K","3.96%"
"2018/09/09","801.20","784.80","816.20","780.00","16.27K","2.29%"
"2018/09/02","783.30","791.60","799.10","768.90","12.19K","-0.90%"
"2018/08/26","790.40","794.40","812.40","788.00","2.93K","-0.30%"
"2018/08/19","792.80","789.80","806.00","777.70","1.79K","1.60%"
"2018/08/12","780.30","833.90","833.90","759.40","4.44K","-6.35%"
"2018/08/05","833.20","839.40","845.60","825.60","0.91K","-0.88%"
"2018/07/29","840.60","837.10","850.00","818.00","1.64K","1.07%"
"2018/07/22","831.70","830.00","848.60","823.00","82.60K","0.27%"
"2018/07/15","829.50","831.00","836.50","794.50","88.97K","-0.10%"
"2018/07/08","830.30","846.50","862.10","826.70","82.30K","-2.16%"
"2018/07/01","848.60","856.70","857.50","800.70","105.54K","-1.06%"
"2018/06/24","857.70","877.60","882.70","846.40","72.00K","-1.98%"
"2018/06/17","875.00","892.10","896.20","861.00","55.36K","-1.92%"
"2018/06/10","892.10","913.20","918.90","890.00","17.79K","-2.03%"
"2018/06/03","910.60","910.60","915.50","897.70","13.13K","-0.13%"
"2018/05/27","911.80","912.90","920.80","905.00","3.51K","0.61%"
"2018/05/20","906.30","892.40","919.00","882.70","3.82K","1.67%"
"2018/05/13","891.40","930.50","932.70","886.20","2.13K","-4.24%"
"2018/05/06","930.90","918.00","935.00","913.00","2.07K","1.70%"
"2018/04/29","915.30","920.80","922.40","898.00","1.72K","-0.65%"
"2018/04/22","921.30","930.80","937.70","907.80","77.68K","-1.13%"
"2018/04/15","931.80","935.60","957.40","925.00","94.24K","-0.14%"
"2018/04/08","933.10","921.10","946.00","920.00","104.40K","1.70%"
"2018/04/01","917.50","936.10","944.50","910.30","107.24K","-1.62%"
"2018/03/25","932.60","954.10","963.80","931.90","57.26K","-2.25%"
"2018/03/18","954.10","955.60","969.00","947.30","49.14K","-0.14%"
"2018/03/11","955.40","971.00","979.60","951.00","13.93K","-1.43%"
"2018/03/04","969.30","973.50","981.20","952.40","11.70K","-0.08%"
"2018/02/25","970.10","1,008.00","1,009.10","961.80","6.46K","-3.33%"
"2018/02/18","1,003.50","1,012.50","1,021.00","992.00","1.27K","-1.32%"
"2018/02/11","1,016.90","971.50","1,020.00","969.20","1.35K","5.25%"
"2018/02/04","966.20","998.20","1,006.00","965.00","1.65K","-3.78%"
"2018/01/28","1,004.20","1,016.40","1,018.00","995.00","17.15K","-1.39%"
"2018/01/21","1,018.40","1,018.60","1,033.30","993.50","106.54K","-0.17%"
"2018/01/14","1,020.10","999.70","1,020.90","990.00","88.18K","2.40%"
"2018/01/07","996.20","971.20","1,004.20","962.30","100.94K","2.15%"
"2017/12/31","975.20","936.40","975.50","934.50","78.42K","3.93%"
"2017/12/24","938.30","923.00","942.00","920.10","34.84K","1.36%"
"2017/12/17","925.70","897.10","928.40","895.00","57.80K","3.62%"
"2017/12/10","893.40","894.20","897.40","877.00","29.71K","0.62%"
"2017/12/03","887.90","945.00","945.00","886.60","14.68K","-6.03%"
"2017/11/26","944.90","947.60","959.20","937.10","5.82K","-0.51%"
"2017/11/19","949.70","957.20","957.30","926.30","2.75K","-0.97%"
"2017/11/12","959.00","935.00","961.70","928.00","1.59K","2.41%"
"2017/11/05","936.40","925.00","948.00","924.00","1.78K","1.11%"
"2017/10/29","926.10","921.90","943.50","921.00","1.50K","1.26%"
"2017/10/22","914.60","925.30","932.70","912.90","81.29K","-1.32%"
"2017/10/15","926.80","947.00","950.90","920.00","73.62K","-2.23%"
"2017/10/08","947.90","918.60","949.40","914.50","73.59K","3.40%"
"2017/10/01","916.70","914.40","925.90","906.50","84.51K","0.13%"
"2017/09/24","915.50","938.00","950.00","914.40","95.10K","-2.21%"
"2017/09/17","936.20","972.60","975.20","935.10","45.62K","-4.02%"
"2017/09/10","975.40","1,013.00","1,013.00","970.90","12.45K","-4.00%"
"2017/09/03","1,016.00","1,015.40","1,029.50","1,006.00","7.20K","0.36%"
"2017/08/27","1,012.40","982.80","1,015.60","981.90","4.61K","3.07%"
"2017/08/20","982.20","982.80","992.60","975.00","3.57K","-0.31%"
"2017/08/13","985.30","993.00","995.00","958.00","1.50K","-0.73%"
"2017/08/06","992.50","970.10","998.40","964.50","1.58K","2.13%"
"2017/07/30","971.80","941.70","975.70","940.90","1.29K","3.43%"
"2017/07/23","939.60","940.40","943.60","919.30","63.25K","0.23%"
"2017/07/16","937.40","923.50","942.90","915.50","70.59K","1.51%"
"2017/07/09","923.50","908.30","924.70","891.40","86.36K","2.15%"
"2017/07/02","904.10","928.80","933.70","901.00","65.29K","-2.41%"
"2017/06/25","926.40","931.00","932.50","911.60","64.39K","-0.55%"
"2017/06/18","931.50","932.00","937.70","919.40","34.16K","0.20%"
"2017/06/11","929.60","943.30","958.30","921.00","17.55K","-1.48%"
"2017/06/04","943.60","960.00","972.50","939.10","9.77K","-1.35%"
"2017/05/28","956.50","964.90","964.90","929.70","6.01K","0.21%"
"2017/05/21","954.50","942.70","962.20","939.80","1.64K","1.20%"
"2017/05/14","943.20","926.70","952.40","926.70","1.82K","2.42%"
"2017/05/07","920.90","913.90","930.00","904.00","2.46K","0.77%"
"2017/04/30","913.90","951.50","951.50","898.80","1.90K","-4.01%"
"2017/04/23","952.10","970.70","975.10","945.80","45.18K","-2.31%"
"2017/04/16","974.65","977.55","993.00","966.95","","-0.15%"
"2017/04/09","976.10","955.05","981.10","938.65","","2.02%"
"2017/04/02","956.80","951.65","981.75","949.25","","0.36%"
"2017/03/26","953.40","967.95","987.05","942.90","","-1.34%"
"2017/03/19","966.35","966.45","976.60","957.35","","0.06%"
"2017/03/12","965.80","943.50","973.75","932.95","","2.32%"
"2017/03/05","943.90","1,001.35","1,002.20","935.35","","-5.67%"
"2017/02/26","1,000.60","1,028.70","1,047.70","984.30","","-2.95%"
"2017/02/19","1,031.05","1,006.65","1,032.05","990.60","","2.45%"
"2017/02/12","1,006.35","1,011.85","1,021.65","990.70","","-0.78%"
"2017/02/05","1,014.30","1,006.80","1,032.10","993.20","","0.74%"
"2017/01/29","1,006.85","988.80","1,014.95","978.30","","1.86%"
"2017/01/22","988.45","981.60","1,008.75","964.80","","0.68%"
"2017/01/15","981.80","989.30","997.35","951.40","","-0.60%"
"2017/01/08","987.75","971.55","994.30","964.45","","1.53%"
"2017/01/01","972.85","906.55","979.75","903.25","","7.42%"
"2016/12/25","905.65","901.20","913.55","894.15","","1.41%"
"2016/12/18","893.10","926.70","932.05","892.00","","-3.72%"
"2016/12/11","927.60","914.35","948.45","889.55","","1.26%"
"2016/12/04","916.10","931.70","952.90","912.65","","-1.48%"
"2016/11/27","929.90","907.60","935.75","899.15","","2.41%"
"2016/11/20","908.00","923.80","951.45","905.70","","-1.67%"
"2016/11/13","923.40","944.95","952.70","915.80","","-2.25%"
"2016/11/06","944.70","994.55","1,022.95","936.40","","-5.57%"
"2016/10/30","1,000.40","980.65","1,006.95","974.55","","1.90%"
"2016/10/23","981.75","936.25","988.10","932.90","","5.00%"
"2016/10/16","935.00","937.70","953.85","927.30","","-0.24%"
"2016/10/09","937.25","970.85","978.50","928.90","","-3.45%"
"2016/10/02","970.75","1,032.70","1,036.00","953.50","","-6.01%"
"2016/09/25","1,032.80","1,060.75","1,061.65","1,016.65","","-2.30%"
"2016/09/18","1,057.10","1,020.10","1,068.40","1,018.90","","3.88%"
"2016/09/11","1,017.60","1,066.05","1,069.60","1,010.60","","-4.43%"
"2016/09/04","1,064.80","1,066.30","1,110.30","1,064.40","","-0.15%"
"2016/08/28","1,066.40","1,074.70","1,085.35","1,043.30","","-0.91%"
"2016/08/21","1,076.15","1,116.95","1,119.35","1,065.95","","-3.81%"
"2016/08/14","1,118.75","1,128.00","1,144.25","1,106.40","","-0.87%"
"2016/08/07","1,128.55","1,150.70","1,199.45","1,125.40","","-1.92%"
"2016/07/31","1,150.60","1,153.50","1,183.00","1,142.55","","-0.26%"
"2016/07/24","1,153.65","1,087.70","1,163.60","1,072.60","","6.08%"
"2016/07/17","1,087.50","1,097.00","1,110.90","1,069.60","","-1.05%"
"2016/07/10","1,099.00","1,105.40","1,111.20","1,085.15","","-0.27%"
"2016/07/03","1,101.95","1,061.95","1,104.60","1,050.50","","3.54%"
"2016/06/26","1,064.30","988.95","1,065.75","974.20","","7.82%"
"2016/06/19","987.15","966.40","1,000.75","956.65","","1.67%"
"2016/06/12","970.95","994.30","999.60","963.40","","-2.28%"
"2016/06/05","993.60","986.55","1,022.40","984.45","","0.56%"
"2016/05/29","988.05","980.85","989.60","956.25","","1.00%"
"2016/05/22","978.30","1,023.05","1,028.55","976.70","","-4.46%"
"2016/05/15","1,024.00","1,054.20","1,065.05","1,009.65","","-2.87%"
"2016/05/08","1,054.25","1,078.15","1,080.80","1,039.90","","-2.56%"
"2016/05/01","1,082.00","1,078.90","1,092.15","1,051.45","","0.19%"
"2016/04/24","1,080.00","1,009.10","1,082.85","1,000.95","","6.75%"
"2016/04/17","1,011.70","987.45","1,046.25","971.25","","2.58%"
"2016/04/10","986.25","969.25","1,004.65","967.25","","1.81%"
"2016/04/03","968.75","958.60","969.90","938.35","","1.01%"
"2016/03/27","959.10","948.85","987.60","941.10","","1.12%"
"2016/03/20","948.45","973.00","1,001.60","943.45","","-2.59%"
"2016/03/13","973.65","965.20","996.80","951.60","","0.91%"
"2016/03/06","964.85","980.90","1,010.85","962.35","","-1.65%"
"2016/02/28","981.05","914.75","988.40","911.85","","7.20%"
"2016/02/21","915.15","942.25","957.40","913.25","","-2.69%"
"2016/02/14","940.45","955.15","957.40","928.10","","-1.85%"
"2016/02/07","958.15","912.65","970.10","901.55","","4.86%"
"2016/01/31","913.70","871.75","915.70","852.05","","4.80%"
"2016/01/24","871.85","833.40","886.80","832.95","","4.82%"
"2016/01/17","831.75","830.95","843.20","811.60","","0.10%"
"2016/01/10","830.95","878.00","882.10","823.15","","-5.57%"
"2016/01/03","880.00","890.95","898.90","863.30","","-1.40%"
"2015/12/27","892.50","884.95","895.85","854.35","","0.91%"
"2015/12/20","884.45","860.05","886.00","855.60","","2.88%"
"2015/12/13","859.65","842.75","883.90","837.10","","2.19%"
"2015/12/06","841.25","881.55","887.65","838.50","","-4.43%"
"2015/11/29","880.20","834.75","887.95","825.50","","5.23%"
"2015/11/22","836.45","855.45","857.65","833.45","","-2.22%"
"2015/11/15","855.40","865.10","875.60","846.30","","-0.73%"
"2015/11/08","861.70","941.55","943.30","860.60","","-8.56%"
"2015/11/01","942.35","985.55","986.50","938.10","","-4.56%"
"2015/10/25","987.35","1,002.35","1,014.95","983.70","","-1.52%"
"2015/10/18","1,002.60","1,017.90","1,024.65","996.55","","-1.28%"
"2015/10/11","1,015.55","982.00","1,026.60","978.25","","3.27%"
"2015/10/04","983.40","911.15","986.75","907.50","","7.98%"
"2015/09/27","910.75","948.65","951.60","893.45","","-3.95%"
"2015/09/20","948.25","982.40","984.65","928.10","","-3.48%"
"2015/09/13","982.45","966.80","991.00","949.50","","1.18%"
"2015/09/06","970.95","992.45","1,011.80","959.50","","-2.03%"
"2015/08/30","991.10","1,016.90","1,023.90","990.45","","-2.70%"
"2015/08/23","1,018.60","1,024.40","1,029.00","970.50","","-0.12%"
"2015/08/16","1,019.80","991.90","1,038.30","981.05","","2.72%"
"2015/08/09","992.75","961.80","1,006.90","956.70","","3.08%"
"2015/08/02","963.10","983.40","986.45","945.45","","-2.14%"
"2015/07/26","984.15","987.55","995.80","973.75","","-0.40%"
"2015/07/19","988.15","995.55","999.50","947.35","","-0.59%"
"2015/07/12","994.05","1,031.55","1,037.85","993.60","","-3.78%"
"2015/07/05","1,033.15","1,088.85","1,088.90","1,010.95","","-4.70%"
"2015/06/28","1,084.05","1,083.20","1,096.65","1,068.50","","0.00%"
"2015/06/21","1,084.10","1,085.05","1,087.25","1,058.80","","-0.06%"
"2015/06/14","1,084.70","1,098.05","1,099.25","1,071.80","","-0.94%"
"2015/06/07","1,095.00","1,097.05","1,119.50","1,094.25","","-0.10%"
"2015/05/31","1,096.10","1,112.70","1,123.95","1,088.55","","-1.47%"
"2015/05/24","1,112.40","1,147.20","1,152.25","1,108.95","","-3.01%"
"2015/05/17","1,146.95","1,169.30","1,179.60","1,144.55","","-1.86%"
"2015/05/10","1,168.70","1,142.05","1,172.80","1,122.60","","2.36%"
"2015/05/03","1,141.75","1,129.95","1,157.35","1,128.35","","0.91%"
"2015/04/26","1,131.40","1,126.30","1,162.90","1,117.95","","0.67%"
"2015/04/19","1,123.85","1,170.75","1,174.25","1,118.60","","-4.10%"
"2015/04/12","1,171.90","1,172.60","1,175.30","1,141.35","","-0.14%"
"2015/04/05","1,173.60","1,162.60","1,187.95","1,155.50","","1.57%"
"2015/03/29","1,155.50","1,140.70","1,169.05","1,114.85","","1.45%"
"2015/03/22","1,138.95","1,137.25","1,163.50","1,132.45","","0.11%"
"2015/03/15","1,137.65","1,118.60","1,143.85","1,087.10","","1.84%"
"2015/03/08","1,117.05","1,161.15","1,161.60","1,112.45","","-3.75%"
"2015/03/01","1,160.60","1,185.55","1,196.80","1,156.85","","-2.36%"
"2015/02/22","1,188.70","1,166.70","1,192.45","1,155.10","","2.08%"
"2015/02/15","1,164.45","1,208.20","1,217.55","1,156.65","","-3.62%"
"2015/02/08","1,208.15","1,225.45","1,231.35","1,193.20","","-1.28%"
"2015/02/01","1,223.85","1,240.45","1,258.55","1,220.15","","-1.37%"
"2015/01/25","1,240.90","1,271.00","1,278.85","1,212.65","","-2.22%"
"2015/01/18","1,269.10","1,271.70","1,290.15","1,261.75","","0.04%"
"2015/01/11","1,268.65","1,231.15","1,272.20","1,227.25","","2.83%"
"2015/01/04","1,233.75","1,202.20","1,233.95","1,197.50","","2.54%"
"2014/12/28","1,203.20","1,217.85","1,223.90","1,187.90","","-1.06%"
"2014/12/21","1,216.15","1,196.80","1,219.40","1,176.00","","1.62%"
"2014/12/14","1,196.80","1,230.00","1,231.75","1,189.70","","-2.70%"
"2014/12/07","1,230.00","1,224.00","1,256.25","1,220.00","","0.49%"
"2014/11/30","1,224.00","1,201.05","1,247.55","1,183.05","","1.94%"
"2014/11/23","1,200.70","1,225.95","1,230.35","1,200.05","","-2.15%"
"2014/11/16","1,227.10","1,211.75","1,234.60","1,181.60","","1.10%"
"2014/11/09","1,213.70","1,216.80","1,221.10","1,178.10","","-0.35%"
"2014/11/02","1,217.95","1,237.05","1,245.05","1,188.80","","-1.54%"
"2014/10/26","1,237.05","1,251.95","1,276.85","1,221.10","","-1.11%"
"2014/10/19","1,250.90","1,260.45","1,285.65","1,246.65","","-0.91%"
"2014/10/12","1,262.35","1,262.55","1,280.90","1,239.70","","-0.06%"
"2014/10/05","1,263.10","1,223.90","1,294.50","1,187.05","","3.05%"
"2014/09/28","1,225.70","1,298.85","1,312.40","1,222.30","","-5.78%"
"2014/09/21","1,300.90","1,335.40","1,348.35","1,299.55","","-2.63%"
"2014/09/14","1,336.05","1,368.05","1,376.40","1,334.40","","-2.61%"
"2014/09/07","1,371.85","1,411.30","1,414.60","1,356.40","","-2.76%"
"2014/08/31","1,410.75","1,424.55","1,430.10","1,403.55","","-0.97%"
"2014/08/24","1,424.50","1,418.30","1,431.20","1,414.55","","0.19%"
"2014/08/17","1,421.85","1,456.15","1,458.30","1,415.15","","-2.46%"
"2014/08/10","1,457.75","1,471.20","1,477.15","1,447.55","","-7.40%"
"2012/10/28","1,574.30","1,547.55","1,579.75","1,531.15","","1.75%"
"2012/10/21","1,547.15","1,621.05","1,629.55","1,540.95","","-4.60%"
"2012/10/14","1,621.75","1,655.35","1,677.60","1,613.00","","-2.03%"
"2012/10/07","1,655.35","1,711.25","1,714.30","1,655.20","","-3.27%"
"2012/09/30","1,711.25","1,665.45","1,734.45","1,649.60","","2.64%"
"2012/09/23","1,667.25","1,638.15","1,679.90","1,611.60","","1.92%"
"2012/09/16","1,635.80","1,708.60","1,715.75","1,596.55","","-4.28%"
"2012/09/09","1,709.00","1,591.40","1,716.30","1,588.80","","7.37%"
"2012/09/02","1,591.75","1,539.75","1,606.40","1,538.00","","3.35%"
"2012/08/26","1,540.15","1,552.70","1,557.55","1,498.55","","-0.66%"
"2012/08/19","1,550.45","1,478.50","1,563.30","1,461.25","","5.13%"
"2012/08/12","1,474.75","1,401.85","1,475.60","1,385.95","","5.27%"
"2012/08/05","1,400.95","1,405.85","1,418.95","1,393.05","","-0.36%"
"2012/07/29","1,406.05","1,411.75","1,434.40","1,383.70","","-0.38%"
"2012/07/22","1,411.45","1,411.15","1,420.05","1,380.50","","-0.28%"
"2012/07/15","1,415.35","1,432.15","1,441.30","1,403.80","","-1.20%"
"2012/07/08","1,432.50","1,445.95","1,454.35","1,405.75","","-1.16%"
"2012/06/24","1,449.35","1,439.15","1,453.30","1,385.40","","0.94%"
"2012/06/17","1,435.80","1,484.50","1,504.15","1,421.30","","-3.16%"
"2012/06/10","1,482.60","1,439.15","1,498.85","1,423.60","","3.41%"
"2012/06/03","1,433.75","1,442.50","1,470.95","1,413.95","","-0.71%"
"2012/05/27","1,444.05","1,433.45","1,448.70","1,387.20","","0.88%"
"2012/05/20","1,431.50","1,456.45","1,473.65","1,406.95","","-1.67%"
"2012/05/13","1,455.75","1,468.40","1,476.80","1,422.75","","-0.59%"
"2012/05/06","1,464.45","1,524.45","1,534.45","1,461.05","","-4.06%"
"2012/04/29","1,526.35","1,574.30","1,578.75","1,521.30","","-3.01%"
"2012/04/22","1,573.75","1,583.40","1,584.85","1,543.15","","-0.48%"
"2012/04/15","1,581.40","1,587.75","1,597.05","1,562.80","","-0.28%"
"2012/04/08","1,585.90","1,613.25","1,632.05","1,582.95","","-3.48%"
"2012/03/25","1,643.15","1,631.95","1,671.65","1,624.50","","0.96%"
"2012/03/18","1,627.50","1,677.85","1,686.10","1,604.15","","-2.68%"
"2012/03/11","1,672.40","1,685.85","1,707.20","1,661.55","","-0.82%"
"2012/03/04","1,686.15","1,701.00","1,701.75","1,606.05","","-0.85%"
"2012/02/26","1,700.60","1,716.90","1,738.85","1,677.20","","-0.78%"
"2012/02/19","1,714.00","1,641.20","1,736.40","1,638.40","","4.79%"
"2012/02/12","1,635.60","1,664.60","1,670.95","1,604.90","","-1.57%"
"2012/02/05","1,661.75","1,623.30","1,673.80","1,606.40","","2.24%"
"2012/01/29","1,625.35","1,624.00","1,638.55","1,583.20","","0.05%"
"2012/01/22","1,624.60","1,535.45","1,627.25","1,527.70","","5.64%"
"2012/01/15","1,537.90","1,494.80","1,541.40","1,477.25","","2.98%"
"2012/01/08","1,493.45","1,406.45","1,512.45","1,393.30","","4.70%"
"2011/12/18","1,426.45","1,423.45","1,453.75","1,404.60","","0.44%"
"2011/12/11","1,420.25","1,516.40","1,519.95","1,376.85","","-6.28%"
"2011/12/04","1,515.35","1,549.35","1,559.10","1,488.75","","-2.15%"
"2011/11/27","1,548.70","1,540.25","1,574.80","1,513.25","","1.17%"
"2011/11/20","1,530.80","1,588.90","1,592.25","1,526.40","","-4.11%"
"2011/11/13","1,596.35","1,649.30","1,667.60","1,568.80","","-3.01%"
"2011/11/06","1,645.95","1,636.75","1,676.60","1,607.70","","0.54%"
"2011/10/30","1,637.05","1,643.15","1,651.00","1,559.95","","-0.70%"
"2011/10/23","1,648.60","1,515.40","1,662.10","1,510.85","","8.99%"
"2011/10/16","1,512.60","1,557.45","1,583.90","1,466.20","","-2.89%"
"2011/10/09","1,557.60","1,498.45","1,563.85","1,490.45","","4.20%"
"2011/10/02","1,494.85","1,530.05","1,543.40","1,435.10","","-2.14%"
"2011/09/25","1,527.60","1,630.95","1,630.95","1,474.55","","-5.39%"
"2011/09/18","1,614.55","1,815.10","1,827.80","1,602.45","","-11.03%"
"2011/09/11","1,814.75","1,833.00","1,853.25","1,770.05","","-1.21%"
"2011/09/04","1,836.95","1,887.45","1,899.90","1,815.65","","-2.58%"
"2011/08/28","1,885.55","1,836.70","1,888.45","1,819.15","","2.72%"
"2011/08/21","1,835.65","1,881.50","1,918.35","1,789.10","","-2.34%"
"2011/08/14","1,879.65","1,802.05","1,882.15","1,790.25","","4.43%"
"2011/08/07","1,800.00","1,710.95","1,808.20","1,705.25","","4.67%"
"2011/07/31","1,719.70","1,780.30","1,804.35","1,682.25","","-3.55%"
"2011/07/24","1,783.05","1,802.50","1,822.85","1,771.45","","-0.81%"
"2011/07/17","1,797.65","1,758.85","1,803.60","1,756.35","","1.92%"
"2011/07/10","1,763.70","1,740.85","1,784.35","1,710.50","","1.49%"
"2011/07/03","1,737.75","1,702.90","1,754.85","1,702.90","","0.84%"
"2011/06/26","1,723.35","1,690.60","1,735.10","1,668.85","","2.14%"
"2011/06/19","1,687.30","1,754.45","1,768.15","1,676.25","","-4.02%"
"2011/06/12","1,758.00","1,832.00","1,834.60","1,746.10","","-3.91%"
"2011/06/05","1,829.60","1,816.05","1,849.50","1,806.15","","0.61%"
"2011/05/29","1,818.55","1,805.20","1,839.05","1,794.60","","0.85%"
"2011/05/22","1,803.15","1,774.05","1,803.15","1,742.70","","1.56%"
"2011/05/15","1,775.50","1,768.30","1,792.85","1,751.60","","0.62%"
"2011/05/08","1,764.55","1,783.55","1,811.95","1,752.05","","-5.89%"
"2011/04/24","1,875.05","1,821.55","1,881.90","1,792.25","","3.11%"
"2011/04/17","1,818.55","1,795.20","1,821.85","1,765.50","","1.53%"
"2011/04/10","1,791.15","1,817.55","1,821.35","1,769.25","","-1.39%"
"2011/04/03","1,816.35","1,769.65","1,821.10","1,765.00","","2.71%"
"2011/03/27","1,768.40","1,752.10","1,788.70","1,729.35","","0.83%"
"2011/03/20","1,753.85","1,726.55","1,772.45","1,725.70","","1.68%"
"2011/03/13","1,724.80","1,784.25","1,786.60","1,659.55","","-3.23%"
"2011/03/06","1,782.45","1,843.45","1,847.25","1,756.15","","-3.32%"
"2011/02/27","1,843.75","1,806.65","1,865.20","1,798.65","","1.98%"
"2011/02/20","1,807.95","1,837.35","1,857.85","1,770.85","","-1.58%"
"2011/02/13","1,836.95","1,808.45","1,849.10","1,808.20","","1.71%"
"2011/02/06","1,806.00","1,844.90","1,869.15","1,804.00","","-2.13%"
"2011/01/30","1,845.30","1,800.00","1,863.15","1,776.70","","2.63%"
"2011/01/23","1,798.00","1,828.35","1,836.15","1,761.60","","-1.68%"
"2011/01/16","1,828.75","1,818.65","1,851.20","1,800.55","","0.77%"
"2011/01/09","1,814.80","1,737.50","1,833.15","1,735.90","","4.52%"
"2011/01/02","1,736.25","1,779.60","1,792.20","1,710.75","","-2.17%"
"2010/12/26","1,774.80","1,715.00","1,780.95","1,714.25","","4.25%"
"2010/12/12","1,702.45","1,678.80","1,717.40","1,671.60","","1.27%"
"2010/12/05","1,681.15","1,728.40","1,737.30","1,666.20","","-2.83%"
"2010/11/28","1,730.10","1,649.75","1,732.55","1,633.30","","4.88%"
"2010/11/21","1,649.60","1,670.45","1,677.50","1,636.65","","-0.99%"
"2010/11/14","1,666.15","1,680.50","1,697.95","1,628.30","","-0.91%"
"2010/11/07","1,681.40","1,771.35","1,811.75","1,674.85","","-5.11%"
"2010/10/31","1,771.95","1,708.80","1,796.50","1,687.05","","3.66%"
"2010/10/24","1,709.40","1,680.90","1,716.25","1,648.40","","1.76%"
"2010/10/17","1,679.85","1,697.00","1,704.90","1,659.30","","-1.16%"
"2010/10/10","1,699.55","1,709.30","1,725.70","1,676.75","","-0.51%"
"2010/10/03","1,708.20","1,648.30","1,729.80","1,648.15","","1.46%"
"2010/09/26","1,683.55","1,648.40","1,689.50","1,608.60","","2.02%"
"2010/09/19","1,650.25","1,624.30","1,653.80","1,614.50","","1.68%"
"2010/09/12","1,622.95","1,543.15","1,634.70","1,540.25","","5.27%"
"2010/09/05","1,541.75","1,555.75","1,568.65","1,539.35","","-1.02%"
"2010/08/29","1,557.65","1,536.95","1,567.05","1,509.45","","1.33%"
"2010/08/22","1,537.25","1,513.30","1,540.45","1,491.20","","1.49%"
"2010/08/15","1,514.75","1,526.95","1,549.60","1,509.00","","-0.78%"
"2010/08/08","1,526.65","1,576.25","1,578.40","1,507.10","","-3.10%"
"2010/07/25","1,575.55","1,544.65","1,578.60","1,520.60","","1.96%"
"2010/07/18","1,545.25","1,511.90","1,551.60","1,496.30","","2.11%"
"2010/07/11","1,513.35","1,533.45","1,540.00","1,468.05","","-1.38%"
"2010/07/04","1,534.45","1,505.90","1,538.60","1,489.10","","1.93%"
"2010/06/27","1,505.35","1,575.60","1,594.80","1,495.55","","-4.58%"
"2010/06/20","1,577.65","1,607.00","1,618.10","1,548.40","","-1.33%"
"2010/06/13","1,598.90","1,542.00","1,601.70","1,537.55","","3.69%"
"2010/06/06","1,542.05","1,515.00","1,551.40","1,492.35","","1.92%"
"2010/05/30","1,513.00","1,546.05","1,574.60","1,509.75","","-2.25%"
"2010/05/23","1,547.80","1,508.10","1,572.00","1,484.80","","2.89%"
"2010/05/16","1,504.35","1,720.95","1,727.15","1,446.00","","-12.67%"
"2010/05/09","1,722.70","1,666.55","1,753.25","1,665.40","","3.42%"
"2010/05/02","1,665.75","1,733.00","1,745.90","1,627.35","","-4.45%"
"2010/04/18","1,743.40","1,691.30","1,759.35","1,675.45","","2.84%"
"2010/04/11","1,695.20","1,727.80","1,743.40","1,689.05","","-1.78%"
"2010/04/04","1,725.90","1,677.70","1,731.10","1,671.45","","3.14%"
"2010/03/28","1,673.40","1,601.05","1,678.60","1,599.85","","4.45%"
"2010/03/21","1,602.15","1,603.10","1,621.40","1,578.30","","-0.40%"
"2010/03/07","1,608.60","1,576.45","1,627.60","1,571.05","","1.98%"
"2010/02/28","1,577.35","1,543.00","1,588.75","1,541.65","","2.33%"
"2010/02/21","1,541.50","1,537.70","1,548.85","1,497.80","","0.58%"
"2010/02/14","1,532.55","1,517.10","1,555.20","1,500.75","","1.18%"
"2010/02/07","1,514.70","1,475.50","1,534.15","1,470.25","","2.12%"
"2010/01/31","1,483.25","1,502.10","1,593.95","1,451.40","","-1.29%"
"2010/01/24","1,502.65","1,549.45","1,564.30","1,484.10","","-2.93%"
"2010/01/17","1,548.00","1,599.50","1,653.70","1,521.55","","-3.24%"
"2010/01/10","1,599.85","1,575.60","1,627.55","1,550.10","","1.18%"
"2010/01/03","1,581.20","1,471.50","1,583.00","1,471.50","","7.21%"
"2009/12/27","1,474.90","1,474.90","1,474.90","1,474.90","","0.17%"
"2009/12/20","1,472.40","1,437.40","1,477.50","1,387.60","","2.38%"
"2009/12/13","1,438.15","1,431.50","1,464.40","1,421.55","","0.49%"
"2009/12/06","1,431.10","1,447.80","1,462.60","1,407.70","","-1.16%"
"2009/11/29","1,447.85","1,443.00","1,513.80","1,437.65","","0.34%"
"2009/11/22","1,443.00","1,450.95","1,487.65","1,426.55","","-0.50%"
"2009/11/15","1,450.30","1,396.85","1,470.65","1,394.15","","3.81%"
"2009/11/08","1,397.10","1,348.15","1,399.15","1,346.00","","5.03%"
"2009/10/25","1,330.15","1,365.25","1,373.45","1,305.20","","-2.57%"
"2009/10/18","1,365.30","1,349.40","1,383.45","1,342.05","","1.18%"