forecast_date,target_date,model,forecast,actual,error
2021-01-01,2021-01-29,ar1,14.547638434174155,15.1903,0.6426615658258452
2021-01-01,2021-01-29,arimax,14.56020640124173,15.1903,0.6300935987582701
2021-01-01,2021-01-29,arimax_vix,14.560610745218478,15.1903,0.6296892547815229
2021-01-08,2021-02-05,ar1,14.576053989724906,14.9266,0.35054601027509413
2021-01-08,2021-02-05,arimax,14.620961040121236,14.9266,0.305638959878765
2021-01-08,2021-02-05,arimax_vix,14.588596321785895,14.9266,0.3380036782141058
2021-01-15,2021-02-12,ar1,15.320763068468978,14.661,-0.6597630684689779
2021-01-15,2021-02-12,arimax,15.361410621270345,14.661,-0.7004106212703451
2021-01-15,2021-02-12,arimax_vix,15.324369808387265,14.661,-0.6633698083872659
2021-01-22,2021-02-19,ar1,15.13680039608616,14.5616,-0.57520039608616
2021-01-22,2021-02-19,arimax,15.175522926370277,14.5616,-0.613922926370277
2021-01-22,2021-02-19,arimax_vix,15.140659310904782,14.5616,-0.5790593109047819
2021-01-29,2021-02-26,ar1,15.031980920924584,14.8367,-0.19528092092458316
2021-01-29,2021-02-26,arimax,15.073833469153517,14.8367,-0.23713346915351607
2021-01-29,2021-02-26,arimax_vix,15.037519148184929,14.8367,-0.2008191481849284
2021-02-05,2021-03-05,ar1,15.14431174746566,15.3047,0.1603882525343412
2021-02-05,2021-03-05,arimax,15.187422173473209,15.3047,0.11727782652679153
2021-02-05,2021-03-05,arimax_vix,15.150811736750121,15.3047,0.15388826324987903
2021-02-12,2021-03-12,ar1,14.877906468838141,14.9757,0.09779353116185874
2021-02-12,2021-03-12,arimax,14.921733720762642,14.9757,0.05396627923735764
2021-02-12,2021-03-12,arimax_vix,14.888005342375871,14.9757,0.08769465762412842
2021-02-19,2021-03-19,ar1,14.613019669426022,14.654,0.04098033057397821
2021-02-19,2021-03-19,arimax,14.623635281813526,14.654,0.03036471818647435
2021-02-19,2021-03-19,arimax_vix,14.624153013180115,14.654,0.0298469868198854
2021-02-26,2021-03-26,ar1,14.514083571991685,15.0113,0.4972164280083149
2021-02-26,2021-03-26,arimax,14.526325610119558,15.0113,0.48497438988044195
2021-02-26,2021-03-26,arimax_vix,14.526815626024508,15.0113,0.4844843739754925
2021-03-05,2021-04-02,ar1,14.790917339743268,14.7241,-0.06681733974326853
2021-03-05,2021-04-02,arimax,14.83932358655193,14.7241,-0.11522358655193088
2021-03-05,2021-04-02,arimax_vix,14.801249843193597,14.7241,-0.07714984319359708
2021-03-12,2021-04-09,ar1,15.262312093489784,14.5894,-0.672912093489785
2021-03-12,2021-04-09,arimax,15.299060139305759,14.5894,-0.7096601393057593
2021-03-12,2021-04-09,arimax_vix,15.264465014270879,14.5894,-0.6750650142708796
2021-03-19,2021-04-16,ar1,14.927194862593366,14.2549,-0.6722948625933665
2021-03-19,2021-04-16,arimax,14.936318219380874,14.2549,-0.6814182193808751
2021-03-19,2021-04-16,arimax_vix,14.936652082985843,14.2549,-0.6817520829858434
2021-03-26,2021-04-23,ar1,14.606604003765474,14.2938,-0.3128040037654749
2021-03-26,2021-04-23,arimax,14.64984580609564,14.2938,-0.35604580609563996
2021-03-26,2021-04-23,arimax_vix,14.618608729904032,14.2938,-0.3248087299040332
2021-04-02,2021-04-30,ar1,14.959001923445895,14.3799,-0.5791019234458954
2021-04-02,2021-04-30,arimax,15.008084195207166,14.3799,-0.628184195207167
2021-04-02,2021-04-30,arimax_vix,14.973007300478654,14.3799,-0.5931073004786551
2021-04-09,2021-05-07,ar1,14.676384060242789,14.2393,-0.437084060242789
2021-04-09,2021-05-07,arimax,14.72186298113987,14.2393,-0.4825629811398695
2021-04-09,2021-05-07,arimax_vix,14.709258446230573,14.2393,-0.4699584462305726
2021-04-16,2021-05-14,ar1,14.542568815708231,14.1485,-0.3940688157082306
2021-04-16,2021-05-14,arimax,14.587988950273825,14.1485,-0.43948895027382484
2021-04-16,2021-05-14,arimax_vix,14.554620316614065,14.1485,-0.40612031661406434
2021-04-23,2021-05-21,ar1,14.21214545235594,13.985900000000001,-0.22624545235593985
2021-04-23,2021-05-21,arimax,14.256742191255114,13.985900000000001,-0.2708421912551131
2021-04-23,2021-05-21,arimax_vix,14.223358420068775,13.985900000000001,-0.2374584200687746
2021-04-30,2021-05-28,ar1,14.250557972965657,13.8194,-0.43115797296565717
2021-04-30,2021-05-28,arimax,14.261559320219876,13.8194,-0.4421593202198757
2021-04-30,2021-05-28,arimax_vix,14.26175665786743,13.8194,-0.44235665786743006
2021-05-07,2021-06-04,ar1,14.33566677208768,13.6629,-0.6727667720876802
2021-05-07,2021-06-04,arimax,14.35018952872142,13.6629,-0.6872895287214202
2021-05-07,2021-06-04,arimax_vix,14.367475401769797,13.6629,-0.7045754017697963
2021-05-14,2021-06-11,ar1,14.196421723242384,13.5667,-0.6297217232423833
2021-05-14,2021-06-11,arimax,14.207565205810914,13.5667,-0.640865205810913
2021-05-14,2021-06-11,arimax_vix,14.207748318055152,13.5667,-0.6410483180551516
2021-05-21,2021-06-18,ar1,14.10633996437352,14.0811,-0.025239964373520607
2021-05-21,2021-06-18,arimax,14.144834121537007,14.0811,-0.06373412153700819
2021-05-21,2021-06-18,arimax_vix,14.118752800013455,14.0811,-0.037652800013455945
2021-05-28,2021-06-25,ar1,13.945156486106724,14.1637,0.21854351389327675
2021-05-28,2021-06-25,arimax,13.9862841271876,14.1637,0.1774158728124
2021-05-28,2021-06-25,arimax_vix,13.967543263399174,14.1637,0.19615673660082678
2021-06-04,2021-07-02,ar1,13.780473154519209,14.4582,0.677726845480791
2021-06-04,2021-07-02,arimax,13.820136082807064,14.4582,0.6380639171929356
2021-06-04,2021-07-02,arimax_vix,13.792171748419303,14.4582,0.6660282515806966
2021-06-11,2021-07-09,ar1,13.626268115181881,14.2773,0.6510318848181189
2021-06-11,2021-07-09,arimax,13.651431957554228,14.2773,0.6258680424457719
2021-06-11,2021-07-09,arimax_vix,13.63786538386595,14.2773,0.6394346161340501
2021-06-18,2021-07-16,ar1,13.530635876208104,14.4485,0.9178641237918956
2021-06-18,2021-07-16,arimax,13.549546583138918,14.4485,0.8989534168610813
2021-06-18,2021-07-16,arimax_vix,13.542369598110048,14.4485,0.9061304018899516
2021-06-25,2021-07-23,ar1,14.037456351301499,14.7561,0.7186436486985013
2021-06-25,2021-07-23,arimax,14.05313879032015,14.7561,0.7029612096798505
2021-06-25,2021-07-23,arimax_vix,14.053408577579829,14.7561,0.7026914224201715
2021-07-02,2021-07-30,ar1,14.122137655274093,14.5593,0.4371623447259072
2021-07-02,2021-07-30,arimax,14.161689179863236,14.5593,0.3976108201367641
2021-07-02,2021-07-30,arimax_vix,14.13232041999186,14.5593,0.4269795800081404
2021-07-09,2021-08-06,ar1,14.413967328993252,14.5415,0.12753267100674748
2021-07-09,2021-08-06,arimax,14.425229112870365,14.5415,0.11627088712963385
2021-07-09,2021-08-06,arimax_vix,14.425417189559793,14.5415,0.11608281044020607
2021-07-16,2021-08-13,ar1,14.23485545043264,14.838,0.6031445495673591
2021-07-16,2021-08-13,arimax,14.245681988844874,14.838,0.5923180111551254
2021-07-16,2021-08-13,arimax_vix,14.245967851416374,14.838,0.5920321485836251
2021-07-23,2021-08-20,ar1,14.40342553558448,15.353,0.9495744644155195
2021-07-23,2021-08-20,arimax,14.444235533393954,15.353,0.9087644666060459
2021-07-23,2021-08-20,arimax_vix,14.41561508484779,15.353,0.9373849151522098
2021-07-30,2021-08-27,ar1,14.714027791426563,14.9042,0.1901722085734363
2021-07-30,2021-08-27,arimax,14.741157287863125,14.9042,0.1630427121368747
2021-07-30,2021-08-27,arimax_vix,14.721137621246337,14.9042,0.1830623787536627
2021-08-06,2021-09-03,ar1,14.513485662670659,14.4109,-0.10258566267065916
2021-08-06,2021-09-03,arimax,14.555958278124342,14.4109,-0.1450582781243419
2021-08-06,2021-09-03,arimax_vix,14.525828938996257,14.4109,-0.11492893899625756
2021-08-13,2021-09-10,ar1,14.49767371518434,14.0946,-0.4030737151843393
2021-08-13,2021-09-10,arimax,14.509041585784937,14.0946,-0.41444158578493706
2021-08-13,2021-09-10,arimax_vix,14.509095449136504,14.0946,-0.4144954491365045
2021-08-20,2021-09-17,ar1,14.794631261223076,14.6129,-0.18173126122307615
2021-08-20,2021-09-17,arimax,14.800914589369981,14.6129,-0.18801458936998117
2021-08-20,2021-09-17,arimax_vix,14.801290919645519,14.6129,-0.1883909196455189
2021-08-27,2021-09-24,ar1,15.312416999895648,14.6646,-0.6478169998956478
2021-08-27,2021-09-24,arimax,15.312743989286993,14.6646,-0.6481439892869929
2021-08-27,2021-09-24,arimax_vix,15.313277604722508,14.6646,-0.6486776047225078
2021-09-03,2021-10-01,ar1,14.856304649751362,15.0323,0.17599535024863755
2021-09-03,2021-10-01,arimax,14.86714058429191,15.0323,0.16515941570808934
2021-09-03,2021-10-01,arimax_vix,14.867506115245435,15.0323,0.16479388475456425
2021-09-10,2021-10-08,ar1,14.366014705146128,14.9389,0.5728852948538723
2021-09-10,2021-10-08,arimax,14.378204014729137,14.9389,0.5606959852708631
2021-09-10,2021-10-08,arimax_vix,14.378573102430238,14.9389,0.5603268975697624
2021-09-17,2021-10-15,ar1,14.053764717382222,14.6865,0.6327352826177783
2021-09-17,2021-10-15,arimax,14.066197017855982,14.6865,0.6203029821440182
2021-09-17,2021-10-15,arimax_vix,14.066562373295762,14.6865,0.6199376267042389
2021-09-24,2021-10-22,ar1,14.566795427854373,14.6151,0.04830457214562678
2021-09-24,2021-10-22,arimax,14.57879454831575,14.6151,0.03630545168424959
2021-09-24,2021-10-22,arimax_vix,14.578965250237946,14.6151,0.036134749762053886
2021-10-01,2021-10-29,ar1,14.618295875429384,15.2746,0.6563041245706156
2021-10-01,2021-10-29,arimax,14.62904607597707,15.2746,0.6455539240229289
2021-10-01,2021-10-29,arimax_vix,14.629274181660067,15.2746,0.6453258183399324
2021-10-08,2021-11-05,ar1,14.98220710962506,15.2901,0.3078928903749407
2021-10-08,2021-11-05,arimax,14.994176629874048,15.2901,0.29592337012595316
2021-10-08,2021-11-05,arimax_vix,14.994704564325431,15.2901,0.2953954356745694
2021-10-15,2021-11-12,ar1,14.891691424627517,15.3157,0.4240085753724827
2021-10-15,2021-11-12,arimax,14.900773350750393,15.3157,0.4149266492496064
2021-10-15,2021-11-12,arimax_vix,14.901082523218452,15.3157,0.41461747678154737
2021-10-22,2021-11-19,ar1,14.639870224777896,15.6168,0.9769297752221036
2021-10-22,2021-11-19,arimax,14.650877930323924,15.6168,0.9659220696760755
2021-10-22,2021-11-19,arimax_vix,14.651220624847365,15.6168,0.9655793751526343
2021-10-29,2021-11-26,ar1,14.568274919933373,16.319,1.7507250800666263
2021-10-29,2021-11-26,arimax,14.580729082044918,16.319,1.7382709179550808
2021-10-29,2021-11-26,arimax_vix,14.580966007241736,16.319,1.7380339927582629
2021-11-05,2021-12-03,ar1,15.233472460302892,16.0342,0.8007275396971067
2021-11-05,2021-12-03,arimax,15.23473641549796,16.0342,0.799463584502039
2021-11-05,2021-12-03,arimax_vix,15.235069974301215,16.0342,0.7991300256987834
2021-11-12,2021-12-10,ar1,15.242068835150432,16.0345,0.7924311648495692
2021-11-12,2021-12-10,arimax,15.249743991448064,16.0345,0.7847560085519376
2021-11-12,2021-12-10,arimax_vix,15.250110383720974,16.0345,0.7843896162790269
2021-11-19,2021-12-17,ar1,15.272979904367512,15.8767,0.6037200956324877
2021-11-19,2021-12-17,arimax,15.277722904776022,15.8767,0.5989770952239777
2021-11-19,2021-12-17,arimax_vix,15.275231266557599,15.8767,0.6014687334424007
2021-11-26,2021-12-24,ar1,15.572640132791783,15.6357,0.06305986720821721
2021-11-26,2021-12-24,arimax,15.574761901237435,15.6357,0.06093809876256451
2021-11-26,2021-12-24,arimax_vix,15.575295956144927,15.6357,0.06040404385507259
2021-12-03,2021-12-31,ar1,16.2687764427721,15.8899,-0.37887644277209986
2021-12-03,2021-12-31,arimax,16.27217352258798,15.8899,-0.38227352258797964
2021-12-03,2021-12-31,arimax_vix,16.272841246195483,15.8899,-0.3829412461954824
2021-12-10,2022-01-07,ar1,15.985402782552319,15.7,-0.2854027825523193
2021-12-10,2022-01-07,arimax,15.989112289025503,15.7,-0.28911228902550334
2021-12-10,2022-01-07,arimax_vix,15.98945749180782,15.7,-0.2894574918078199
2021-12-17,2022-01-14,ar1,15.98852349538004,15.32,-0.6685234953800396
2021-12-17,2022-01-14,arimax,15.98930111116873,15.32,-0.6693011111687301
2021-12-17,2022-01-14,arimax_vix,15.989502214509674,15.32,-0.6695022145096736
2021-12-24,2022-01-21,ar1,15.834674491034905,15.1567,-0.6779744910349041
2021-12-24,2022-01-21,arimax,15.832779520894453,15.1567,-0.6760795208944526
2021-12-24,2022-01-21,arimax_vix,15.833134358625085,15.1567,-0.6764343586250838
2021-12-31,2022-01-28,ar1,15.594268429175026,15.4935,-0.1007684291750266
2021-12-31,2022-01-28,arimax,15.592986827071089,15.4935,-0.09948682707108958
2021-12-31,2022-01-28,arimax_vix,15.593508402697244,15.4935,-0.1000084026972452
2022-01-07,2022-02-04,ar1,15.845464389343578,15.2606,-0.5848643893435774
2022-01-07,2022-02-04,arimax,15.845985283668007,15.2606,-0.5853852836680069
2022-01-07,2022-02-04,arimax_vix,15.846342872578774,15.2606,-0.5857428725787734
2022-01-14,2022-02-11,ar1,15.655511963481743,15.1005,-0.5550119634817428
2022-01-14,2022-02-11,arimax,15.65776320207494,15.1005,-0.5572632020749406
2022-01-14,2022-02-11,arimax_vix,15.658039266125234,15.1005,-0.5575392661252341
2022-01-21,2022-02-18,ar1,15.279239489701315,14.9354,-0.34383948970131506
2022-01-21,2022-02-18,arimax,15.280060760936427,14.9354,-0.34466076093642783
2022-01-21,2022-02-18,arimax_vix,15.280460548773892,14.9354,-0.34506054877389225
2022-01-28,2022-02-25,ar1,15.11566488531034,15.326,0.21033511468966104
2022-01-28,2022-02-25,arimax,15.117517599747785,15.326,0.20848240025221543
2022-01-28,2022-02-25,arimax_vix,15.118113275680003,15.326,0.207886724319998
2022-02-04,2022-03-04,ar1,15.450649239606943,15.2827,-0.1679492396069424
2022-02-04,2022-03-04,arimax,15.452902460176787,15.2827,-0.17020246017678708
2022-02-04,2022-03-04,arimax_vix,15.453252122592493,15.2827,-0.1705521225924933
2022-02-11,2022-03-11,ar1,15.21111387980988,15.0824,-0.12871387980987947
2022-02-11,2022-03-11,arimax,15.221170680403349,15.0824,-0.13877068040334883
2022-02-11,2022-03-11,arimax_vix,15.255551986141707,15.0824,-0.17315198614170768
2022-02-18,2022-03-18,ar1,15.051592404080525,14.9391,-0.11249240408052508
2022-02-18,2022-03-18,arimax,15.062480618790977,14.9391,-0.12338061879097673
2022-02-18,2022-03-18,arimax_vix,15.062869918619413,14.9391,-0.12376991861941278
2022-02-25,2022-03-25,ar1,14.894963494085047,14.543,-0.351963494085048
2022-02-25,2022-03-25,arimax,14.898107932678478,14.543,-0.35510793267847873
2022-02-25,2022-03-25,arimax_vix,14.898269052764475,14.543,-0.3552690527644753
2022-03-04,2022-04-01,ar1,15.280896550618124,14.581,-0.6998965506181243
2022-03-04,2022-04-01,arimax,15.28665676308481,14.581,-0.7056567630848107
2022-03-04,2022-04-01,arimax_vix,15.286773083230644,14.581,-0.7057730832306444
2022-03-11,2022-04-08,ar1,15.241097212525148,14.7138,-0.5272972125251467
2022-03-11,2022-04-08,arimax,15.24312581476475,14.7138,-0.5293258147647499
2022-03-11,2022-04-08,arimax_vix,15.243318917011292,14.7138,-0.5295189170112913
2022-03-18,2022-04-15,ar1,15.039142793933692,14.6483,-0.39084279393369137
2022-03-18,2022-04-15,arimax,15.045136532442196,14.6483,-0.39683653244219563
2022-03-18,2022-04-15,arimax_vix,15.045517226472008,14.6483,-0.39721722647200686
2022-03-25,2022-04-22,ar1,14.895681092290507,15.4949,0.599218907709492
2022-03-25,2022-04-22,arimax,14.903356857536984,15.4949,0.5915431424630153
2022-03-25,2022-04-22,arimax_vix,14.903496684622864,15.4949,0.5914033153771356
2022-04-01,2022-04-29,ar1,14.499264466740021,15.8889,1.3896355332599786
2022-04-01,2022-04-29,arimax,14.510417568599319,15.8889,1.3784824314006805
2022-04-01,2022-04-29,arimax_vix,14.510594046354553,15.8889,1.3783059536454463
2022-04-08,2022-05-06,ar1,14.536847779505193,16.0525,1.5156522204948057
2022-04-08,2022-05-06,arimax,14.547845072483346,16.0525,1.5046549275166523
2022-04-08,2022-05-06,arimax_vix,14.54807583756831,16.0525,1.5044241624316879
2022-04-15,2022-05-13,ar1,14.667021301450788,16.0337,1.3666786985492116
2022-04-15,2022-05-13,arimax,14.679679477736016,16.0337,1.3540205222639834
2022-04-15,2022-05-13,arimax_vix,14.680061918509454,16.0337,1.353638081490546
2022-04-22,2022-05-20,ar1,14.602401964927111,15.8428,1.2403980350728894
2022-04-22,2022-05-20,arimax,14.597722666102781,15.8428,1.2450773338972194
2022-04-22,2022-05-20,arimax_vix,14.614776202969148,15.8428,1.2280237970308523
2022-04-29,2022-05-27,ar1,15.45151611402031,15.6402,0.18868388597969066
2022-04-29,2022-05-27,arimax,15.495320373439148,15.6402,0.14487962656085251
2022-04-29,2022-05-27,arimax_vix,15.455661429836848,15.6402,0.18453857016315212
2022-05-06,2022-06-03,ar1,15.837627845624926,15.4117,-0.42592784562492625
2022-05-06,2022-06-03,arimax,15.88157422990587,15.4117,-0.46987422990587113
2022-05-06,2022-06-03,arimax_vix,15.84607894505849,15.4117,-0.43437894505849073
2022-05-13,2022-06-10,ar1,16.005998318248754,15.4804,-0.525598318248754
2022-05-13,2022-06-10,arimax,16.008133139236335,15.4804,-0.5277331392363358
2022-05-13,2022-06-10,arimax_vix,16.008614897723447,15.4804,-0.5282148977234478
2022-05-20,2022-06-17,ar1,15.981976212764943,15.9196,-0.062376212764942096
2022-05-20,2022-06-17,arimax,15.990414174765352,15.9196,-0.07081417476535101
2022-05-20,2022-06-17,arimax_vix,15.990851989211846,15.9196,-0.07125198921184506
2022-05-27,2022-06-24,ar1,15.805367125069319,15.9334,0.12803287493068183
2022-05-27,2022-06-24,arimax,15.80059041933067,15.9334,0.13280958066933124
2022-05-27,2022-06-24,arimax_vix,15.780256301273814,15.9334,0.15314369872618627
2022-06-03,2022-07-01,ar1,15.603909748700557,16.3482,0.7442902512994412
2022-06-03,2022-07-01,arimax,15.59911424732711,16.3482,0.7490857526728885
2022-06-03,2022-07-01,arimax_vix,15.599539536508505,16.3482,0.7486604634914933
2022-06-10,2022-07-08,ar1,15.37322773700773,16.8419,1.4686722629922695
2022-06-10,2022-07-08,arimax,15.371679195062221,16.8419,1.470220804937778
2022-06-10,2022-07-08,arimax_vix,15.37225263460783,16.8419,1.4696473653921682
2022-06-17,2022-07-15,ar1,15.43765626571782,17.2362,1.7985437342821804
2022-06-17,2022-07-15,arimax,15.441777026725338,17.2362,1.7944229732746617
2022-06-17,2022-07-15,arimax_vix,15.442241238145057,17.2362,1.7939587618549435
2022-06-24,2022-07-22,ar1,15.872205370750477,17.016,1.1437946292495216
2022-06-24,2022-07-22,arimax,15.877822678802373,17.016,1.1381773211976256
2022-06-24,2022-07-22,arimax_vix,15.878346599634293,17.016,1.1376534003657053
2022-07-01,2022-07-29,ar1,15.889049813200126,16.5087,0.6196501867998752
2022-07-01,2022-07-29,arimax,15.89153026996838,16.5087,0.6171697300316215
2022-07-01,2022-07-29,arimax_vix,15.89190879863889,16.5087,0.6167912013611119
2022-07-08,2022-08-05,ar1,16.300012053056253,16.5781,0.27808794694374583
2022-07-08,2022-08-05,arimax,16.303735118568667,16.5781,0.27436488143133175
2022-07-08,2022-08-05,arimax_vix,16.304327114640902,16.5781,0.2737728853590973
2022-07-15,2022-08-12,ar1,16.800554077266703,16.1698,-0.6307540772667046
2022-07-15,2022-08-12,arimax,16.794720550799255,16.1698,-0.6249205507992563
2022-07-15,2022-08-12,arimax_vix,16.79527041030705,16.1698,-0.6254704103070523
2022-07-22,2022-08-19,ar1,17.199583015790523,16.8918,-0.30778301579052325
2022-07-22,2022-08-19,arimax,17.22918316555065,16.8918,-0.3373831655506514
2022-07-22,2022-08-19,arimax_vix,17.18805974863442,16.8918,-0.2962597486344194
2022-07-29,2022-08-26,ar1,16.97215514559471,16.8291,-0.14305514559470822
2022-07-29,2022-08-26,arimax,16.968120242192267,16.8291,-0.1390202421922666
2022-07-29,2022-08-26,arimax_vix,16.96868545910856,16.8291,-0.13958545910855946
2022-08-05,2022-09-02,ar1,16.45750559462756,17.3139,0.8563944053724413
2022-08-05,2022-09-02,arimax,16.462884626938344,17.3139,0.8510153730616565
2022-08-05,2022-09-02,arimax_vix,16.500909218604573,17.3139,0.8129907813954276
2022-08-12,2022-09-09,ar1,16.53989402321873,17.284,0.7441059767812703
2022-08-12,2022-09-09,arimax,16.532020519005012,17.284,0.7519794809949865
2022-08-12,2022-09-09,arimax_vix,16.532536576802418,17.284,0.7514634231975812
2022-08-19,2022-09-16,ar1,16.124527484406215,17.655,1.530472515593786
2022-08-19,2022-09-16,arimax,16.12692992532557,17.655,1.5280700746744316
2022-08-19,2022-09-16,arimax_vix,16.127354809475218,17.655,1.5276451905247832
2022-08-26,2022-09-23,ar1,16.850832239359665,17.7755,0.924667760640336
2022-08-26,2022-09-23,arimax,16.845439760745926,17.7755,0.9300602392540753
2022-08-26,2022-09-23,arimax_vix,16.845926951977287,17.7755,0.9295730480227142
2022-09-02,2022-09-30,ar1,16.78681631799228,17.8937,1.1068836820077195
2022-09-02,2022-09-30,arimax,16.782947283145713,17.8937,1.110752716854286
2022-09-02,2022-09-30,arimax_vix,16.783578840334542,17.8937,1.1101211596654572
2022-09-09,2022-10-07,ar1,17.258701750406342,17.9767,0.7179982495936592
2022-09-09,2022-10-07,arimax,17.264661293727933,17.9767,0.7120387062720681
2022-09-09,2022-10-07,arimax_vix,17.265915033599132,17.9767,0.710784966400869
2022-09-16,2022-10-14,ar1,17.244384041501558,18.1708,0.9264159584984419
2022-09-16,2022-10-14,arimax,17.235109153757946,18.1708,0.9356908462420535
2022-09-16,2022-10-14,arimax_vix,17.235715264345096,18.1708,0.9350847356549039
2022-09-23,2022-10-21,ar1,17.612902368197,18.3618,0.7488976318030005
2022-09-23,2022-10-21,arimax,17.60483447810303,18.3618,0.7569655218969693
2022-09-23,2022-10-21,arimax_vix,17.60542783855311,18.3618,0.7563721614468903
2022-09-30,2022-10-28,ar1,17.732349890078147,18.1019,0.3695501099218532
2022-09-30,2022-10-28,arimax,17.764181426267175,18.1019,0.33771857373282543
2022-09-30,2022-10-28,arimax_vix,17.725942303950948,18.1019,0.3759576960490527
2022-10-07,2022-11-04,ar1,17.85158216955999,18.2961,0.4445178304400095
2022-10-07,2022-11-04,arimax,17.843128912047796,18.2961,0.45297108795220353
2022-10-07,2022-11-04,arimax_vix,17.843790756925994,18.2961,0.452309243074005
2022-10-14,2022-11-11,ar1,17.939507791549055,17.2798,-0.659707791549053
2022-10-14,2022-11-11,arimax,17.93027585627419,17.2798,-0.6504758562741877
2022-10-14,2022-11-11,arimax_vix,17.926605281454357,17.2798,-0.6468052814543555
2022-10-21,2022-11-18,ar1,18.13309133127067,17.389,-0.7440913312706705
2022-10-21,2022-11-18,arimax,18.119792887625806,17.389,-0.7307928876258067
2022-10-21,2022-11-18,arimax_vix,18.12047998579069,17.389,-0.731479985790692
2022-10-28,2022-11-25,ar1,18.326447293933875,17.0837,-1.2427472939338742
2022-10-28,2022-11-25,arimax,18.31077495907059,17.0837,-1.2270749590705883
2022-10-28,2022-11-25,arimax_vix,18.31088888875198,17.0837,-1.2271888887519786
2022-11-04,2022-12-02,ar1,18.060905358400987,17.5034,-0.5575053584009879
2022-11-04,2022-12-02,arimax,18.05183101929591,17.5034,-0.5484310192959114
2022-11-04,2022-12-02,arimax_vix,18.05196833720187,17.5034,-0.5485683372018713
2022-11-11,2022-12-09,ar1,18.262065907086118,17.161,-1.1010659070861166
2022-11-11,2022-12-09,arimax,18.288215687648247,17.161,-1.1272156876482455
2022-11-11,2022-12-09,arimax_vix,18.24569222379265,17.161,-1.084692223792647
2022-11-18,2022-12-16,ar1,17.240400734588363,17.3492,0.10879926541163698
2022-11-18,2022-12-16,arimax,17.272197170662444,17.3492,0.07700282933755531
2022-11-18,2022-12-16,arimax_vix,17.233296611514,17.3492,0.11590338848600013
2022-11-25,2022-12-23,ar1,17.346462634738323,17.114,-0.2324626347383223
2022-11-25,2022-12-23,arimax,17.387876992956322,17.114,-0.2738769929563212
2022-11-25,2022-12-23,arimax_vix,17.342743726470655,17.114,-0.228743726470654
2022-12-02,2022-12-30,ar1,17.0448251034685,16.9831,-0.061725103468500464
2022-12-02,2022-12-30,arimax,17.070436280677306,16.9831,-0.08733628067730592
2022-12-02,2022-12-30,arimax_vix,17.038723450575038,16.9831,-0.05562345057503748
2022-12-09,2023-01-06,ar1,17.460283306901324,17.1939,-0.26638330690132506
2022-12-09,2023-01-06,arimax,17.456059150711393,17.1939,-0.26215915071139406
2022-12-09,2023-01-06,arimax_vix,17.456652355967645,17.1939,-0.26275235596764546
2022-12-16,2023-01-13,ar1,17.12539820400541,16.7265,-0.398898204005409
2022-12-16,2023-01-13,arimax,17.155319556523278,16.7265,-0.4288195565232762
2022-12-16,2023-01-13,arimax_vix,17.115614060685676,16.7265,-0.38911406068567445
2022-12-23,2023-01-20,ar1,17.30908672625769,17.2468,-0.06228672625768894
2022-12-23,2023-01-20,arimax,17.335960314532834,17.2468,-0.08916031453283324
2022-12-23,2023-01-20,arimax_vix,17.302516678525766,17.2468,-0.05571667852576567
2022-12-30,2023-01-27,ar1,17.074851673858284,17.2577,0.1828483261417162
2022-12-30,2023-01-27,arimax,17.10485975989185,17.2577,0.15284024010815145
2022-12-30,2023-01-27,arimax_vix,17.104259042897578,17.2577,0.153440957102422
2023-01-06,2023-02-03,ar1,16.941606402637245,17.1455,0.2038935973627538
2023-01-06,2023-02-03,arimax,16.936703675434906,17.1455,0.20879632456509256
2023-01-06,2023-02-03,arimax_vix,16.95427091047311,17.1455,0.19122908952688888
2023-01-13,2023-02-10,ar1,17.15328398221964,17.7503,0.5970160177803585
2023-01-13,2023-02-10,arimax,17.148714762735455,17.7503,0.601585237264544
2023-01-13,2023-02-10,arimax_vix,17.19027229657721,17.7503,0.5600277034227901
2023-01-20,2023-02-17,ar1,16.676011178296548,18.2712,1.5951888217034522
2023-01-20,2023-02-17,arimax,16.719389049814936,18.2712,1.5518109501850645
2023-01-20,2023-02-17,arimax_vix,16.72638923990783,18.2712,1.5448107600921688
2023-01-27,2023-02-24,ar1,17.204557441389287,18.309,1.1044425586107138
2023-01-27,2023-02-24,arimax,17.237127362476127,18.309,1.0718726375238745
2023-01-27,2023-02-24,arimax_vix,17.24064658204039,18.309,1.0683534179596101
2023-02-03,2023-03-03,ar1,17.219669142018358,18.1537,0.934030857981643
2023-02-03,2023-03-03,arimax,17.245571737573005,18.1537,0.9081282624269953
2023-02-03,2023-03-03,arimax_vix,17.259276039087965,18.1537,0.8944239609120359
2023-02-10,2023-03-10,ar1,17.103503789375875,18.4585,1.354996210624126
2023-02-10,2023-03-10,arimax,17.146020845544136,18.4585,1.3124791544558647
2023-02-10,2023-03-10,arimax_vix,17.101742115085585,18.4585,1.3567578849144155
2023-02-17,2023-03-17,ar1,17.716044402860806,18.3149,0.5988555971391953
2023-02-17,2023-03-17,arimax,17.73746260529745,18.3149,0.5774373947025531
2023-02-17,2023-03-17,arimax_vix,17.745266299965074,18.3149,0.5696337000349274
2023-02-24,2023-03-24,ar1,18.234209316799838,18.1647,-0.06950931679983796
2023-02-24,2023-03-24,arimax,18.257297481284066,18.1647,-0.09259748128406642
2023-02-24,2023-03-24,arimax_vix,18.222807875677006,18.1647,-0.05810787567700615
2023-03-03,2023-03-31,ar1,18.269627546779258,17.8139,-0.45572754677925786
2023-03-03,2023-03-31,arimax,18.260067365939904,17.8139,-0.44616736593990325
2023-03-03,2023-03-31,arimax_vix,18.26061895008218,17.8139,-0.4467189500821789
2023-03-10,2023-04-07,ar1,18.119355353370104,18.1575,0.03814464662989536
2023-03-10,2023-04-07,arimax,18.106614125428997,18.1575,0.050885874571001466
2023-03-10,2023-04-07,arimax_vix,18.105783590499744,18.1575,0.05171640950025491
2023-03-17,2023-04-14,ar1,18.42556124693901,18.1129,-0.31266124693901176
2023-03-17,2023-04-14,arimax,18.449174962773604,18.1129,-0.33627496277360436
2023-03-17,2023-04-14,arimax_vix,18.410021282249343,18.1129,-0.29712128224934276
2023-03-24,2023-04-21,ar1,18.276664584476933,18.0983,-0.1783645844769346
2023-03-24,2023-04-21,arimax,18.306310928572554,18.0983,-0.20801092857255554
2023-03-24,2023-04-21,arimax_vix,18.266953827651342,18.0983,-0.16865382765134385
2023-03-31,2023-04-28,ar1,18.12592716603462,18.4303,0.3043728339653775
2023-03-31,2023-04-28,arimax,18.155876103716775,18.4303,0.27442389628322417
2023-03-31,2023-04-28,arimax_vix,18.117438666342885,18.4303,0.3128613336571142
2023-04-07,2023-05-05,ar1,17.77405222330988,18.3544,0.5803477766901182
2023-04-07,2023-05-05,arimax,17.806119314819934,18.3544,0.5482806851800639
2023-04-07,2023-05-05,arimax_vix,17.76809947960218,18.3544,0.5863005203978169
2023-04-14,2023-05-12,ar1,18.11968465816474,19.3767,1.2570153418352596
2023-04-14,2023-05-12,arimax,18.145997188930203,19.3767,1.230702811069797
2023-04-14,2023-05-12,arimax_vix,18.110692047611565,19.3767,1.2660079523884349
2023-04-21,2023-05-19,ar1,18.078942505481827,19.3487,1.2697574945181742
2023-04-21,2023-05-19,arimax,18.104150768726896,19.3487,1.2445492312731048
2023-04-21,2023-05-19,arimax_vix,18.066238327905353,19.3487,1.282461672094648
2023-04-28,2023-05-26,ar1,18.060102462709413,19.7446,1.6844975372905857
2023-04-28,2023-05-26,arimax,18.052058750339338,19.7446,1.6925412496606604
2023-04-28,2023-05-26,arimax_vix,18.09242462675748,19.7446,1.6521753732425175
2023-05-05,2023-06-02,ar1,18.39216575882831,19.5325,1.14033424117169
2023-05-05,2023-06-02,arimax,18.38240184878324,19.5325,1.1500981512167598
2023-05-05,2023-06-02,arimax_vix,18.38307642039855,19.5325,1.14942357960145
2023-05-12,2023-06-09,ar1,18.316118464388513,18.8235,0.5073815356114864
2023-05-12,2023-06-09,arimax,18.33581028215435,18.8235,0.48768971784565096
2023-05-12,2023-06-09,arimax_vix,18.350710890920986,18.8235,0.47278910907901306
2023-05-19,2023-06-16,ar1,19.341208859872392,18.3303,-1.0109088598723908
2023-05-19,2023-06-16,arimax,19.32672855190097,18.3303,-0.9964285519009692
2023-05-19,2023-06-16,arimax_vix,19.326521609731657,18.3303,-0.9962216097316556
2023-05-26,2023-06-23,ar1,19.313567626647075,18.6313,-0.6822676266470751
2023-05-26,2023-06-23,arimax,19.34091362133008,18.6313,-0.7096136213300817
2023-05-26,2023-06-23,arimax_vix,19.298648499784388,18.6313,-0.6673484997843886
2023-06-02,2023-06-30,ar1,19.712356221346628,18.9237,-0.7886562213466277
2023-06-02,2023-06-30,arimax,19.732907961439743,18.9237,-0.8092079614397427
2023-06-02,2023-06-30,arimax_vix,19.737359700071234,18.9237,-0.8136597000712342
2023-06-09,2023-07-07,ar1,19.499470410386564,19.0764,-0.4230704103865648
2023-06-09,2023-07-07,arimax,19.521939946175483,19.0764,-0.445539946175483
2023-06-09,2023-07-07,arimax_vix,19.482072977889494,19.0764,-0.40567297788949475
2023-06-16,2023-07-14,ar1,18.790208511486963,18.0212,-0.7690085114869625
2023-06-16,2023-07-14,arimax,18.774318570073447,18.0212,-0.7531185700734468
2023-06-16,2023-07-14,arimax_vix,18.775430201551718,18.0212,-0.7542302015517173
2023-06-23,2023-07-21,ar1,18.293591674382455,17.956,-0.3375916743824554
2023-06-23,2023-07-21,arimax,18.32567473681906,17.956,-0.3696747368190607
2023-06-23,2023-07-21,arimax_vix,18.28342510797601,17.956,-0.327425107976012
2023-06-30,2023-07-28,ar1,18.59751601165708,17.8692,-0.7283160116570819
2023-06-30,2023-07-28,arimax,18.583412681136945,17.8692,-0.7142126811369458
2023-06-30,2023-07-28,arimax_vix,18.583554001566238,17.8692,-0.7143540015662388
2023-07-07,2023-08-04,ar1,18.887950323566585,18.685,-0.20295032356658638
2023-07-07,2023-08-04,arimax,18.874638696135992,18.685,-0.1896386961359937
2023-07-07,2023-08-04,arimax_vix,18.874975953021277,18.685,-0.18997595302127834
2023-07-14,2023-08-11,ar1,19.04176388210194,18.8743,-0.16746388210193786
2023-07-14,2023-08-11,arimax,19.056901155031333,18.8743,-0.18260115503133179
2023-07-14,2023-08-11,arimax_vix,19.026923864197187,18.8743,-0.1526238641971851
2023-07-21,2023-08-18,ar1,17.982001305031677,19.0725,1.0904986949683249
2023-07-21,2023-08-18,arimax,18.013557421874918,19.0725,1.0589425781250839
2023-07-21,2023-08-18,arimax_vix,17.974677111750992,19.0725,1.0978228882490093
2023-07-28,2023-08-25,ar1,17.918484998589342,18.6564,0.7379150014106592
2023-07-28,2023-08-25,arimax,17.91008970014237,18.6564,0.7463102998576332
2023-07-28,2023-08-25,arimax_vix,17.910168692691467,18.6564,0.746231307308534
2023-08-04,2023-09-01,ar1,17.83258561454283,18.7612,0.9286143854571698
2023-08-04,2023-09-01,arimax,17.82488356819431,18.7612,0.9363164318056896
2023-08-04,2023-09-01,arimax_vix,17.82400175972724,18.7612,0.9371982402727603
2023-08-11,2023-09-08,ar1,18.649912560827822,19.1072,0.45728743917217685
2023-08-11,2023-09-08,arimax,18.635617049014762,19.1072,0.47158295098523695
2023-08-11,2023-09-08,arimax_vix,18.63629977171157,19.1072,0.4709002282884285
2023-08-18,2023-09-15,ar1,18.8376175743811,19.0481,0.21048242561890262
2023-08-18,2023-09-15,arimax,18.846345887312,19.0481,0.20175411268800048
2023-08-18,2023-09-15,arimax_vix,18.824908972831846,19.0481,0.22319102716815564
2023-08-25,2023-09-22,ar1,19.037404869601335,18.8488,-0.1886048696013347
2023-08-25,2023-09-22,arimax,19.023404994933212,18.8488,-0.1746049949332118
2023-08-25,2023-09-22,arimax_vix,19.02263523136363,18.8488,-0.1738352313636291
2023-09-01,2023-09-29,ar1,18.623759219029218,18.784,0.16024078097078132
2023-09-01,2023-09-29,arimax,18.655573847502527,18.784,0.1284261524974717
2023-09-01,2023-09-29,arimax_vix,18.60798874764035,18.784,0.17601125235965043
2023-09-08,2023-10-06,ar1,18.729749730053623,19.4202,0.6904502699463784
2023-09-08,2023-10-06,arimax,18.711185357691015,19.4202,0.7090146423089863
2023-09-08,2023-10-06,arimax_vix,18.713096676032034,19.4202,0.7071033239679672
2023-09-15,2023-10-13,ar1,19.07282564610445,18.9642,-0.10862564610444991
2023-09-15,2023-10-13,arimax,19.05609710696511,18.9642,-0.09189710696511
2023-09-15,2023-10-13,arimax_vix,19.05782783767282,18.9642,-0.09362783767281968
2023-09-22,2023-10-20,ar1,19.012044211507817,19.1057,0.09365578849218181
2023-09-22,2023-10-20,arimax,19.035988106832356,19.1057,0.06971189316764281
2023-09-22,2023-10-20,arimax_vix,18.99888878219612,19.1057,0.10681121780388025
2023-09-29,2023-10-27,ar1,18.813974556941847,18.8845,0.0705254430581519
2023-09-29,2023-10-27,arimax,18.82833569332847,18.8845,0.05616430667152983
2023-09-29,2023-10-27,arimax_vix,18.800397153992783,18.8845,0.08410284600721596
2023-10-06,2023-11-03,ar1,18.749204311139703,18.4397,-0.30950431113970467
2023-10-06,2023-11-03,arimax,18.734122884847633,18.4397,-0.29442288484763424
2023-10-06,2023-11-03,arimax_vix,18.7360276950779,18.4397,-0.2963276950779026
2023-10-13,2023-11-10,ar1,19.386166034153558,18.6541,-0.7320660341535579
2023-10-13,2023-11-10,arimax,19.36988218596117,18.6541,-0.7157821859611708
2023-10-13,2023-11-10,arimax_vix,19.370213356572588,18.6541,-0.7161133565725883
2023-10-20,2023-11-17,ar1,18.93076262367697,18.384,-0.5467626236769689
2023-10-20,2023-11-17,arimax,18.940710116372465,18.384,-0.5567101163724644
2023-10-20,2023-11-17,arimax_vix,18.915424272599545,18.384,-0.5314242725995442
2023-10-27,2023-11-24,ar1,19.07100948724906,18.8957,-0.17530948724905926
2023-10-27,2023-11-24,arimax,19.053935320546195,18.8957,-0.1582353205461935
2023-10-27,2023-11-24,arimax_vix,19.056570937568665,18.8957,-0.16087093756866366
2023-11-03,2023-12-01,ar1,18.85104007524159,18.8143,-0.036740075241588954
2023-11-03,2023-12-01,arimax,18.83330059393532,18.8143,-0.01900059393532061
2023-11-03,2023-12-01,arimax_vix,18.836268739086417,18.8143,-0.021968739086418054
2023-11-10,2023-12-08,ar1,18.402865848755614,18.8313,0.4284341512443852
2023-11-10,2023-12-08,arimax,18.42131147421503,18.8313,0.4099885257849678
2023-11-10,2023-12-08,arimax_vix,18.433563124118724,18.8313,0.39773687588127515
2023-11-17,2023-12-15,ar1,18.620097025192276,18.6113,-0.008797025192276209
2023-11-17,2023-12-15,arimax,18.605756299444426,18.6113,0.0055437005555738494
2023-11-17,2023-12-15,arimax_vix,18.60731843369448,18.6113,0.0039815663055193795
2023-11-24,2023-12-22,ar1,18.351861067839383,18.4175,0.065638932160617
2023-11-24,2023-12-22,arimax,18.337870770057528,18.4175,0.07962922994247279
2023-11-24,2023-12-22,arimax_vix,18.379224012646553,18.4175,0.038275987353447505
2023-12-01,2023-12-29,ar1,18.86372636332328,18.5826,-0.2811263633232812
2023-12-01,2023-12-29,arimax,18.84730397846685,18.5826,-0.26470397846685145
2023-12-01,2023-12-29,arimax_vix,18.847799011716795,18.5826,-0.2651990117167955
2023-12-08,2024-01-05,ar1,18.77870699382963,18.7906,0.011893006170371478
2023-12-08,2024-01-05,arimax,18.784825098231362,18.7906,0.00577490176863904
2023-12-08,2024-01-05,arimax_vix,18.767489446622672,18.7906,0.023110553377328813
2023-12-15,2024-01-12,ar1,18.776208690045245,18.5818,-0.1944086900452433
2023-12-15,2024-01-12,arimax,18.784585836431077,18.5818,-0.20278583643107595
2023-12-15,2024-01-12,arimax_vix,18.78402759337085,18.5818,-0.20222759337084995
2023-12-22,2024-01-19,ar1,18.576558884286914,18.9904,0.4138411157130868
2023-12-22,2024-01-19,arimax,18.56410146404695,18.9904,0.4262985359530518
2023-12-22,2024-01-19,arimax_vix,18.607937478784265,18.9904,0.38246252121573576
2023-12-29,2024-01-26,ar1,18.38080840530507,18.9156,0.53479159469493
2023-12-29,2024-01-26,arimax,18.371748658765267,18.9156,0.5438513412347348
2023-12-29,2024-01-26,arimax_vix,18.371946875951238,18.9156,0.5436531240487632
2024-01-05,2024-02-02,ar1,18.551480852721,18.634,0.082519147279001
2024-01-05,2024-02-02,arimax,18.570393931609683,18.634,0.06360606839031746
2024-01-05,2024-02-02,arimax_vix,18.53655373114907,18.634,0.09744626885093055
2024-01-12,2024-02-09,ar1,18.757934258237654,19.0113,0.2533657417623445
2024-01-12,2024-02-09,arimax,18.74359005910616,19.0113,0.2677099408938375
2024-01-12,2024-02-09,arimax_vix,18.782652364697157,19.0113,0.22864763530284193
2024-01-19,2024-02-16,ar1,18.548221139757725,18.8852,0.33697886024227586
2024-01-19,2024-02-16,arimax,18.536261817257184,18.8852,0.34893818274281685
2024-01-19,2024-02-16,arimax_vix,18.537524044926908,18.8852,0.34767595507309323
2024-01-26,2024-02-23,ar1,18.958084440087674,19.2452,0.2871155599123263
2024-01-26,2024-02-23,arimax,18.943522702365424,19.2452,0.3016772976345763
2024-01-26,2024-02-23,arimax_vix,18.944039608578574,19.2452,0.30116039142142625
2024-02-02,2024-03-01,ar1,18.861186956184795,19.2279,0.3667130438152064
2024-02-02,2024-03-01,arimax,18.86810379056941,19.2279,0.3597962094305913
2024-02-02,2024-03-01,arimax_vix,18.86881917192384,19.2279,0.3590808280761628
2024-02-09,2024-03-08,ar1,18.60406773264481,18.6616,0.05753226735518879
2024-02-09,2024-03-08,arimax,18.589257934425394,18.6616,0.0723420655746061
2024-02-09,2024-03-08,arimax_vix,18.62251325361013,18.6616,0.039086746389870086
2024-02-16,2024-03-15,ar1,18.956720352658987,18.6815,-0.27522035265898737
2024-02-16,2024-03-15,arimax,18.96424444348566,18.6815,-0.28274444348566163
2024-02-16,2024-03-15,arimax_vix,19.001551018820088,18.6815,-0.320051018820088
2024-02-23,2024-03-22,ar1,18.85125082839555,18.9907,0.13944917160445058
2024-02-23,2024-03-22,arimax,18.84029563026812,18.9907,0.15040436973188065
2024-02-23,2024-03-22,arimax_vix,18.876331902826575,18.9907,0.11436809717342555
2024-03-01,2024-03-29,ar1,19.21285178484036,18.9926,-0.2202517848403609
2024-03-01,2024-03-29,arimax,19.199663938351183,18.9926,-0.2070639383511832
2024-03-01,2024-03-29,arimax_vix,19.199421066766355,18.9926,-0.2068210667663557
2024-03-08,2024-04-05,ar1,19.195660717884024,18.6668,-0.5288607178840259
2024-03-08,2024-04-05,arimax,19.18255959196683,18.6668,-0.5157595919668303
2024-03-08,2024-04-05,arimax_vix,19.217321687283395,18.6668,-0.5505216872833962
2024-03-15,2024-04-12,ar1,18.632568004057987,18.6866,0.05403199594201169
2024-03-15,2024-04-12,arimax,18.618199766953353,18.6866,0.06840023304664555
2024-03-15,2024-04-12,arimax_vix,18.65655428814365,18.6866,0.0300457118563493
2024-03-22,2024-04-19,ar1,18.647594530238553,19.2467,0.5991054697614473
2024-03-22,2024-04-19,arimax,18.636681941727975,19.2467,0.6100180582720256
2024-03-22,2024-04-19,arimax_vix,18.636304355388155,19.2467,0.6103956446118453
2024-03-29,2024-04-26,ar1,18.96018339527239,18.9895,0.02931660472760811
2024-03-29,2024-04-26,arimax,18.94657429902691,18.9895,0.042925700973089675
2024-03-29,2024-04-26,arimax_vix,18.944744983972836,18.9895,0.04475501602716392
2024-04-05,2024-05-03,ar1,18.962973815508345,18.5622,-0.40077381550834446
2024-04-05,2024-05-03,arimax,18.94839504701928,18.5622,-0.3861950470192781
2024-04-05,2024-05-03,arimax_vix,18.946628137357173,18.5622,-0.3844281373571725
2024-04-12,2024-05-10,ar1,18.632579431221043,18.4012,-0.23137943122104332
2024-04-12,2024-05-10,arimax,18.623801018983944,18.4012,-0.22260101898394424
2024-04-12,2024-05-10,arimax_vix,18.622383687531084,18.4012,-0.22118368753108442
2024-04-19,2024-05-17,ar1,18.65393340879785,18.2194,-0.43453340879785074
2024-04-19,2024-05-17,arimax,18.672537306996826,18.2194,-0.4531373069968261
2024-04-19,2024-05-17,arimax_vix,18.642109571643278,18.2194,-0.4227095716432778
2024-04-26,2024-05-24,ar1,19.19237877611677,18.4186,-0.7737787761167674
2024-04-26,2024-05-24,arimax,19.20223328067839,18.4186,-0.7836332806783872
2024-04-26,2024-05-24,arimax_vix,19.2017008657434,18.4186,-0.7831008657433998
2024-05-03,2024-05-31,ar1,18.957397176062464,18.8538,-0.10359717606246477
2024-05-03,2024-05-31,arimax,18.9725378571212,18.8538,-0.11873785712120011
2024-05-03,2024-05-31,arimax_vix,18.944797846833858,18.8538,-0.09099784683385792
2024-05-10,2024-06-07,ar1,18.53042942451045,18.8447,0.31427057548954807
2024-05-10,2024-06-07,arimax,18.51981138557448,18.8447,0.3248886144255181
2024-05-10,2024-06-07,arimax_vix,18.559560146276137,18.8447,0.2851398537238623
2024-05-17,2024-06-14,ar1,18.36798984322778,18.3748,0.006810156772221632
2024-05-17,2024-06-14,arimax,18.389919314364708,18.3748,-0.015119314364707037
2024-05-17,2024-06-14,arimax_vix,18.358522193310062,18.3748,0.0162778066899385
2024-05-24,2024-06-21,ar1,18.184808743948906,17.9574,-0.22740874394890653
2024-05-24,2024-06-21,arimax,18.17600960973758,17.9574,-0.21860960973758026
2024-05-24,2024-06-21,arimax_vix,18.17692378429538,17.9574,-0.21952378429537944
2024-05-31,2024-06-28,ar1,18.387524648165844,18.2138,-0.17372464816584454
2024-05-31,2024-06-28,arimax,18.408963294378736,18.2138,-0.19516329437873736
2024-05-31,2024-06-28,arimax_vix,18.40612937274346,18.2138,-0.19232937274346185
2024-06-07,2024-07-05,ar1,18.82496401911734,18.2022,-0.6227640191173371
2024-06-07,2024-07-05,arimax,18.809821484475776,18.2022,-0.607621484475775
2024-06-07,2024-07-05,arimax_vix,18.809884835335602,18.2022,-0.6076848353356006
2024-06-14,2024-07-12,ar1,18.81442987716981,17.9533,-0.8611298771698124
2024-06-14,2024-07-12,arimax,18.802092963299344,17.9533,-0.8487929632993456
2024-06-14,2024-07-12,arimax_vix,18.800598159344784,17.9533,-0.8472981593447848
2024-06-21,2024-07-19,ar1,18.342210239549654,18.35,0.007789760450346961
2024-06-21,2024-07-19,arimax,18.333914346336282,18.35,0.016085653663719057
2024-06-21,2024-07-19,arimax_vix,18.332889887487894,18.35,0.017110112512106923
2024-06-28,2024-07-26,ar1,17.92547690206099,18.2658,0.3403230979390095
2024-06-28,2024-07-26,arimax,17.91719536817558,18.2658,0.3486046318244185
2024-06-28,2024-07-26,arimax_vix,17.94959064023748,18.2658,0.3162093597625173
2024-07-05,2024-08-02,ar1,18.184959187072426,18.2067,0.021740812927575348
2024-07-05,2024-08-02,arimax,18.172814450265406,18.2067,0.033885549734595344
2024-07-05,2024-08-02,arimax_vix,18.172670974085985,18.2067,0.03402902591401613
2024-07-12,2024-08-09,ar1,18.169707905576434,18.3673,0.19759209442356607
2024-07-12,2024-08-09,arimax,18.16163726153772,18.3673,0.20566273846228
2024-07-12,2024-08-09,arimax_vix,18.19322129608811,18.3673,0.1740787039118885
2024-07-19,2024-08-16,ar1,17.924069665743296,17.9446,0.02053033425670492
2024-07-19,2024-08-16,arimax,17.944410789454455,17.9446,1.892105455461035e-4
2024-07-19,2024-08-16,arimax_vix,17.913715204509685,17.9446,0.030884795490315753
2024-07-26,2024-08-23,ar1,18.316569709915456,17.9553,-0.3612697099154545
2024-07-26,2024-08-23,arimax,18.341119150041568,17.9553,-0.3858191500415664
2024-07-26,2024-08-23,arimax_vix,18.30883047022018,17.9553,-0.35353047022017847
2024-08-02,2024-08-30,ar1,18.235100288548665,17.6113,-0.6238002885486651
2024-08-02,2024-08-30,arimax,18.226191690015156,17.6113,-0.6148916900151562
2024-08-02,2024-08-30,arimax_vix,18.22452066679022,17.6113,-0.6132206667902196
2024-08-09,2024-09-06,ar1,18.177707404164433,17.7112,-0.4665074041644317
2024-08-09,2024-09-06,arimax,18.167060559334534,17.7112,-0.45586055933453196
2024-08-09,2024-09-06,arimax_vix,18.166080228028825,17.7112,-0.45488022802882355
2024-08-16,2024-09-13,ar1,18.33738645518015,17.7564,-0.5809864551801525
2024-08-16,2024-09-13,arimax,18.327612008645342,17.7564,-0.5712120086453432
2024-08-16,2024-09-13,arimax_vix,18.325832358873352,17.7564,-0.5694323588733532
2024-08-23,2024-09-20,ar1,17.91182793413052,17.5715,-0.34032793413052076
2024-08-23,2024-09-20,arimax,17.90622310020321,17.5715,-0.3347231002032096
2024-08-23,2024-09-20,arimax_vix,17.904835439596,17.5715,-0.33333543959599865
2024-08-30,2024-09-27,ar1,17.923721930664392,17.1564,-0.7673219306643908
2024-08-30,2024-09-27,arimax,17.917269603880435,17.1564,-0.7608696038804332
2024-08-30,2024-09-27,arimax_vix,17.91582013094992,17.1564,-0.7594201309499198
2024-09-06,2024-10-04,ar1,17.58223469527583,17.4904,-0.09183469527582844
2024-09-06,2024-10-04,arimax,17.57482297905298,17.4904,-0.08442297905297735
2024-09-06,2024-10-04,arimax_vix,17.57372182549932,17.4904,-0.08332182549931844
2024-09-13,2024-10-11,ar1,17.68273114291763,17.4565,-0.22623114291763002
2024-09-13,2024-10-11,arimax,17.701997205831656,17.4565,-0.2454972058316578
2024-09-13,2024-10-11,arimax_vix,17.673393694133743,17.4565,-0.21689369413374493
2024-09-20,2024-10-18,ar1,17.72871460360406,17.593,-0.13571460360406107
2024-09-20,2024-10-18,arimax,17.718886993503517,17.593,-0.12588699350351717
2024-09-20,2024-10-18,arimax_vix,17.7179156485667,17.593,-0.12491564856669868
2024-09-27,2024-10-25,ar1,17.538526572402652,17.6735,0.1349734275973482
2024-09-27,2024-10-25,arimax,17.53545406429009,17.6735,0.1380459357099113
2024-09-27,2024-10-25,arimax_vix,17.566834272744455,17.6735,0.10666572725554602
2024-10-04,2024-11-01,ar1,17.123168976890256,17.6574,0.5342310231097436
2024-10-04,2024-11-01,arimax,17.144745706425493,17.6574,0.5126542935745064
2024-10-04,2024-11-01,arimax_vix,17.14901224235242,17.6574,0.5083877576475793
2024-10-11,2024-11-08,ar1,17.457781093174347,17.4264,-0.03138109317434612
2024-10-11,2024-11-08,arimax,17.479318983405985,17.4264,-0.05291898340598422
2024-10-11,2024-11-08,arimax_vix,17.48656652955539,17.4264,-0.06016652955538859
2024-10-18,2024-11-15,ar1,17.424618870282526,18.2358,0.8111811297174754
2024-10-18,2024-11-15,arimax,17.42112855491103,18.2358,0.8146714450889725
2024-10-18,2024-11-15,arimax_vix,17.420189521751787,18.2358,0.8156104782482139
2024-10-25,2024-11-22,ar1,17.561797497780137,18.0286,0.4668025022198634
2024-10-25,2024-11-22,arimax,17.557187091347195,18.0286,0.4714129086528054
2024-10-25,2024-11-22,arimax_vix,17.555819421417635,18.0286,0.4727805785823662
2024-11-01,2024-11-29,ar1,17.64041534002691,18.0419,0.40148465997308946
2024-11-01,2024-11-29,arimax,17.636318038208845,18.0419,0.40558196179115313
2024-11-01,2024-11-29,arimax_vix,17.636333084725862,18.0419,0.4055669152741359
2024-11-08,2024-12-06,ar1,17.625769933842648,18.0388,0.4130300661573507
2024-11-08,2024-12-06,arimax,17.626136579712732,18.0388,0.41266342028726655
2024-11-08,2024-12-06,arimax_vix,17.620603083327353,18.0388,0.41819691667264536
2024-11-15,2024-12-13,ar1,17.3959071788696,17.8176,0.4216928211303994
2024-11-15,2024-12-13,arimax,17.39160942333132,17.8176,0.4259905766686778
2024-11-15,2024-12-13,arimax_vix,17.390146845758466,17.8176,0.4274531542415332
2024-11-22,2024-12-20,ar1,18.20861441917432,18.3414,0.13278558082567926
2024-11-22,2024-12-20,arimax,18.198189517172363,18.3414,0.14321048282763726
2024-11-22,2024-12-20,arimax_vix,18.196646001919095,18.3414,0.14475399808090472
2024-11-29,2024-12-27,ar1,17.99767337576483,18.7921,0.7944266242351716
2024-11-29,2024-12-27,arimax,17.990616560963055,18.7921,0.8014834390369465
2024-11-29,2024-12-27,arimax_vix,17.98925429246182,18.7921,0.8028457075381823
2024-12-06,2025-01-03,ar1,18.01178700364286,18.773,0.7612129963571412
2024-12-06,2025-01-03,arimax,18.005351125007632,18.773,0.7676488749923678
2024-12-06,2025-01-03,arimax_vix,18.00301375563278,18.773,0.769986244367221
2024-12-13,2025-01-10,ar1,18.009506467944554,18.9368,0.9272935320554474
2024-12-13,2025-01-10,arimax,18.000726131349353,18.9368,0.9360738686506487
2024-12-13,2025-01-10,arimax_vix,18.000467720317904,18.9368,0.9363322796820981
2024-12-20,2025-01-17,ar1,17.788161483115047,18.7264,0.9382385168849545
2024-12-20,2025-01-17,arimax,17.778489077262236,18.7264,0.9479109227377656
2024-12-20,2025-01-17,arimax_vix,17.77978349497845,18.7264,0.9466165050215523
2024-12-27,2025-01-24,ar1,18.31108513564282,18.3118,7.148643571817104e-4
2024-12-27,2025-01-24,arimax,18.32225139281413,18.3118,-0.010451392814129434
2024-12-27,2025-01-24,arimax_vix,18.302342475279584,18.3118,0.00945752472041761
2025-01-03,2025-01-31,ar1,18.762658561075167,18.591,-0.17165856107516575
2025-01-03,2025-01-31,arimax,18.748224629004785,18.591,-0.15722462900478362
2025-01-03,2025-01-31,arimax_vix,18.751872693475896,18.591,-0.16087269347589483
2025-01-10,2025-02-07,ar1,18.744819867010396,18.4284,-0.3164198670103957
2025-01-10,2025-02-07,arimax,18.753757685991975,18.4284,-0.3253576859919747
2025-01-10,2025-02-07,arimax_vix,18.73231124028996,18.4284,-0.30391124028995975
2025-01-17,2025-02-14,ar1,18.907231136092083,18.3904,-0.5168311360920832
2025-01-17,2025-02-14,arimax,18.89648190041351,18.3904,-0.5060819004135091
2025-01-17,2025-02-14,arimax_vix,18.895272055693475,18.3904,-0.5048720556934754
2025-01-24,2025-02-21,ar1,18.70068139339871,18.3322,-0.3684813933987101
2025-01-24,2025-02-21,arimax,18.69873759671033,18.3322,-0.36653759671033015
2025-01-24,2025-02-21,arimax_vix,18.68513327983612,18.3322,-0.3529332798361189
2025-01-31,2025-02-28,ar1,18.283504297703765,18.5065,0.22299570229623455
2025-01-31,2025-02-28,arimax,18.273545570533624,18.5065,0.2329544294663748
2025-01-31,2025-02-28,arimax_vix,18.306787355125913,18.5065,0.19971264487408646
2025-02-07,2025-03-07,ar1,18.562852330391696,18.0809,-0.48195233039169594
2025-02-07,2025-03-07,arimax,18.549279084416952,18.0809,-0.4683790844169522
2025-02-07,2025-03-07,arimax_vix,18.54993049225792,18.0809,-0.4690304922579216
2025-02-14,2025-03-14,ar1,18.401100051867292,18.1979,-0.20320005186729162
2025-02-14,2025-03-14,arimax,18.388928726423796,18.1979,-0.1910287264237951
2025-02-14,2025-03-14,arimax_vix,18.4130194049187,18.1979,-0.21511940491869908
2025-02-21,2025-03-21,ar1,18.359669924365832,18.1741,-0.18556992436583286
2025-02-21,2025-03-21,arimax,18.35026891739014,18.1741,-0.1761689173901395
2025-02-21,2025-03-21,arimax_vix,18.38252826220245,18.1741,-0.2084282622024496
2025-02-28,2025-03-28,ar1,18.30355869316225,18.1883,-0.11525869316224657
2025-02-28,2025-03-28,arimax,18.32322891910667,18.1883,-0.1349289191066667
2025-02-28,2025-03-28,arimax_vix,18.32634858149211,18.1883,-0.1380485814921073
2025-03-07,2025-04-04,ar1,18.477071150557,19.0919,0.6148288494430005
2025-03-07,2025-04-04,arimax,18.469305970251717,19.0919,0.6225940297482815
2025-03-07,2025-04-04,arimax_vix,18.498578228913676,19.0919,0.5933217710863232
2025-03-14,2025-04-11,ar1,18.05328746366199,19.3565,1.303212536338009
2025-03-14,2025-04-11,arimax,18.044103330343333,19.3565,1.3123966696566676
2025-03-14,2025-04-11,arimax_vix,18.04319655517853,19.3565,1.3133034448214715
2025-03-21,2025-04-18,ar1,18.170371467532696,18.8727,0.7023285324673019
2025-03-21,2025-04-18,arimax,18.159601783401847,18.8727,0.7130982165981514
2025-03-21,2025-04-18,arimax_vix,18.15997269571599,18.8727,0.7127273042840088
2025-03-28,2025-04-25,ar1,18.14726393914712,18.8032,0.6559360608528806
2025-03-28,2025-04-25,arimax,18.13919523806889,18.8032,0.6640047619311105
2025-03-28,2025-04-25,arimax_vix,18.13669904856243,18.8032,0.6665009514375697
2025-04-04,2025-05-02,ar1,18.1619841580543,18.473,0.3110158419457001
2025-04-04,2025-05-02,arimax,18.169147416520804,18.473,0.30385258347919475
2025-04-04,2025-05-02,arimax_vix,18.150806206744274,18.473,0.3221937932557246
2025-04-11,2025-05-09,ar1,19.06269199707403,18.1779,-0.8847919970740286
2025-04-11,2025-05-09,arimax,19.07154719932624,18.1779,-0.8936471993262387
2025-04-11,2025-05-09,arimax_vix,19.05128048200682,18.1779,-0.8733804820068194
2025-04-18,2025-05-16,ar1,19.32821846393676,18.0516,-1.2766184639367602
2025-04-18,2025-05-16,arimax,19.31408335644377,18.0516,-1.26248335644377
2025-04-18,2025-05-16,arimax_vix,19.35422180139807,18.0516,-1.3026218013980682
2025-04-25,2025-05-23,ar1,18.84622591058862,17.9148,-0.9314259105886187
2025-04-25,2025-05-23,arimax,18.833383155276245,17.9148,-0.9185831552762451
2025-04-25,2025-05-23,arimax_vix,18.86550780726625,17.9148,-0.9507078072662516
2025-05-02,2025-05-30,ar1,18.774643824686162,17.8463,-0.9283438246861628
2025-05-02,2025-05-30,arimax,18.76544932069535,17.8463,-0.9191493206953503
2025-05-02,2025-05-30,arimax_vix,18.762807815366102,17.8463,-0.9165078153661028
2025-05-09,2025-06-06,ar1,18.445955959354812,17.7727,-0.6732559593548118
2025-05-09,2025-06-06,arimax,18.463501041545673,17.7727,-0.6908010415456722
2025-05-09,2025-06-06,arimax_vix,18.468426738339556,17.7727,-0.6957267383395553
2025-05-16,2025-06-13,ar1,18.152627720392367,17.9451,-0.2075277203923669
2025-05-16,2025-06-13,arimax,18.139528911912624,17.9451,-0.1944289119126239
2025-05-16,2025-06-13,arimax_vix,18.140294931985764,17.9451,-0.195194931985764
2025-05-23,2025-06-20,ar1,18.02162772883355,18.028,0.006372271166448229
2025-05-23,2025-06-20,arimax,18.015005229004895,18.028,0.012994770995103266
2025-05-23,2025-06-20,arimax_vix,18.052026605506434,18.028,-0.024026605506435317
2025-05-30,2025-06-27,ar1,17.885545111050604,17.8626,-0.022945111050603373
2025-05-30,2025-06-27,arimax,17.877506079234085,17.8626,-0.014906079234084046
2025-05-30,2025-06-27,arimax_vix,17.91056896430519,17.8626,-0.047968964305191264
2025-06-06,2025-07-04,ar1,17.817618779789292,17.5669,-0.2507187797892918
2025-06-06,2025-07-04,arimax,17.81291531910846,17.5669,-0.24601531910845864
2025-06-06,2025-07-04,arimax_vix,17.845640012971415,17.5669,-0.27874001297141504
2025-06-13,2025-07-11,ar1,17.743451772832078,17.8262,0.0827482271679223
2025-06-13,2025-07-11,arimax,17.73505275599337,17.8262,0.09114724400663121
2025-06-13,2025-07-11,arimax_vix,17.736768187214565,17.8262,0.08943181278543477
2025-06-20,2025-07-18,ar1,17.916102678634964,17.6783,-0.23780267863496363
2025-06-20,2025-07-18,arimax,17.926135619709655,17.6783,-0.2478356197096545
2025-06-20,2025-07-18,arimax_vix,17.909997300271723,17.6783,-0.23169730027172264
2025-06-27,2025-07-25,ar1,17.999457711822235,17.7393,-0.26015771182223446
2025-06-27,2025-07-25,arimax,17.991290268415177,17.7393,-0.25199026841517735
2025-06-27,2025-07-25,arimax_vix,17.99281912854214,17.7393,-0.2535191285421412
2025-07-04,2025-08-01,ar1,17.835061874801216,18.2913,0.4562381251987837
2025-07-04,2025-08-01,arimax,17.82493118692451,18.2913,0.4663688130754906
2025-07-04,2025-08-01,arimax_vix,17.826614306931322,18.2913,0.46468569306867735
2025-07-11,2025-08-08,ar1,17.539924268297906,17.7139,0.17397573170209313
2025-07-11,2025-08-08,arimax,17.531079157200352,17.7139,0.1828208427996465
2025-07-11,2025-08-08,arimax_vix,17.533111688465564,17.7139,0.1807883115344353
2025-07-18,2025-08-15,ar1,17.799435054341153,17.542,-0.2574350543411512
2025-07-18,2025-08-15,arimax,17.803393507702896,17.542,-0.2613935077028948
2025-07-18,2025-08-15,arimax_vix,17.81293077766882,17.542,-0.2709307776688199
2025-07-25,2025-08-22,ar1,17.652198367651447,17.6679,0.015701632348552153
2025-07-25,2025-08-22,arimax,17.64388768216728,17.6679,0.024012317832720953
2025-07-25,2025-08-22,arimax_vix,17.6444112141661,17.6679,0.023488785833897907
2025-08-01,2025-08-29,ar1,17.713720770068086,17.7493,0.035579229931915535
2025-08-01,2025-08-29,arimax,17.704509929338812,17.7493,0.044790070661189674
2025-08-01,2025-08-29,arimax_vix,17.70521220646274,17.7493,0.04408779353726189
2025-08-08,2025-09-05,ar1,18.264001868797884,17.6962,-0.5678018687978827
2025-08-08,2025-09-05,arimax,18.251842601630045,17.6962,-0.5556426016300442
2025-08-08,2025-09-05,arimax_vix,18.25512585381858,17.6962,-0.5589258538185788
2025-08-15,2025-09-12,ar1,17.687598948090443,17.4027,-0.2848989480904436
2025-08-15,2025-09-12,arimax,17.676858552220516,17.4027,-0.2741585522205163
2025-08-15,2025-09-12,arimax_vix,17.680175028827996,17.4027,-0.2774750288279968
2025-08-22,2025-09-19,ar1,17.5161637807433,17.328,-0.1881637807433023
2025-08-22,2025-09-19,arimax,17.51672773774848,17.328,-0.18872773774847929
2025-08-22,2025-09-19,arimax_vix,17.51041571460556,17.328,-0.18241571460556116
2025-08-29,2025-09-26,ar1,17.642564878954303,17.4483,-0.19426487895430355
2025-08-29,2025-09-26,arimax,17.632864044694696,17.4483,-0.1845640446946959
2025-08-29,2025-09-26,arimax_vix,17.634103733857426,17.4483,-0.18580373385742632
2025-09-05,2025-10-03,ar1,17.72444999640557,17.2491,-0.47534999640557274
2025-09-05,2025-10-03,arimax,17.712744183964045,17.2491,-0.46364418396404616
2025-09-05,2025-10-03,arimax_vix,17.716989068008008,17.2491,-0.46788906800800945
2025-09-12,2025-10-10,ar1,17.67188649057405,17.2245,-0.44738649057405055
2025-09-12,2025-10-10,arimax,17.67948229089053,17.2245,-0.45498229089053055
2025-09-12,2025-10-10,arimax_vix,17.662780576640053,17.2245,-0.4382805766400537
2025-09-19,2025-10-17,ar1,17.378511532008307,17.4711,0.09258846799169262
2025-09-19,2025-10-17,arimax,17.374636906461046,17.4711,0.09646309353895433
2025-09-19,2025-10-17,arimax_vix,17.37030600274607,17.4711,0.10079399725393046
2025-09-26,2025-10-24,ar1,17.304167290055744,17.3507,0.0465327099442554
2025-09-26,2025-10-24,arimax,17.29486769752678,17.3507,0.05583230247322035
2025-09-26,2025-10-24,arimax_vix,17.320829309759947,17.3507,0.02987069024005251
2025-10-03,2025-10-31,ar1,17.424983777356218,17.3066,-0.11838377735621819
2025-10-03,2025-10-31,arimax,17.41485824834937,17.3066,-0.10825824834936881
2025-10-03,2025-10-31,arimax_vix,17.435990456171915,17.3066,-0.12939045617191525
2025-10-10,2025-11-07,ar1,17.225881866499336,17.3809,0.15501813350066485
2025-10-10,2025-11-07,arimax,17.21643107280762,17.3809,0.16446892719238093
2025-10-10,2025-11-07,arimax_vix,17.217772769862574,17.3809,0.1631272301374267
2025-10-17,2025-11-14,ar1,17.201653949574364,17.1141,-0.0875539495743638
2025-10-17,2025-11-14,arimax,17.192613696087687,17.1141,-0.07851369608768621
2025-10-17,2025-11-14,arimax_vix,17.193562301575188,17.1141,-0.07946230157518741
2025-10-24,2025-11-21,ar1,17.44322928229713,17.2863,-0.15692928229712777
2025-10-24,2025-11-21,arimax,17.456606713317214,17.2863,-0.17030671331721337
2025-10-24,2025-11-21,arimax_vix,17.43904385348569,17.2863,-0.15274385348568842
2025-10-31,2025-11-28,ar1,17.323039370988912,17.1635,-0.15953937098891302
2025-10-31,2025-11-28,arimax,17.317990620309704,17.1635,-0.15449062030970495
2025-10-31,2025-11-28,arimax_vix,17.318674764191897,17.1635,-0.1551747641918979
2025-11-07,2025-12-05,ar1,17.27927498707379,16.9318,-0.34747498707379165
2025-11-07,2025-12-05,arimax,17.275348113817465,16.9318,-0.34354811381746586
2025-11-07,2025-12-05,arimax_vix,17.27513087468525,16.9318,-0.34333087468525036
2025-11-14,2025-12-12,ar1,17.354091579438453,16.8368,-0.5172915794384529
2025-11-14,2025-12-12,arimax,17.369160742204784,16.8368,-0.5323607422047836
2025-11-14,2025-12-12,arimax_vix,17.34929690777353,16.8368,-0.5124969077735315
2025-11-21,2025-12-19,ar1,17.086985839313346,16.7606,-0.3263858393133461
2025-11-21,2025-12-19,arimax,17.082703851868523,16.7606,-0.32210385186852264
2025-11-21,2025-12-19,arimax_vix,17.084049628190883,16.7606,-0.3234496281908825
2025-11-28,2025-12-26,ar1,17.25982569208137,16.6744,-0.5854256920813725
2025-11-28,2025-12-26,arimax,17.253817792108652,16.6744,-0.5794177921086536
2025-11-28,2025-12-26,arimax_vix,17.255490154100904,16.6744,-0.5810901541009059
2025-12-05,2026-01-02,ar1,17.137130384225948,16.598,-0.5391303842259489
2025-12-05,2026-01-02,arimax,17.153279173615307,16.598,-0.5552791736153075
2025-12-05,2026-01-02,arimax_vix,17.132485957498005,16.598,-0.5344859574980063
